Name,S1,S2
AL Autauga,51.315853,185.59232
AL Baldwin,42.56445,180.03798
AL Barbour,100.65477,158.06772
AL Bibb,35.748886,212.24785
AL Blount,11.443971,220.9474
AL Bullock,211.18011,65.58196
AL Butler,145.85477,131.33803
AL Calhoun,41.968517,204.92523
AL Chambers,115.25332,151.71344
AL Cherokee,23.144758,215.83252
AL Chilton,32.873756,212.17621
AL Choctaw,109.98696,148.3666
AL Clarke,86.47004,159.64832
AL Clay,34.396774,208.7924
AL Cleburne,17.0292,227.10457
AL Coffee,30.892185,203.56062
AL Colbert,37.48927,203.677
AL Conecuh,82.98112,183.6187
AL Coosa,37.7061,207.53067
AL Covington,40.421867,206.22813
AL Crenshaw,76.19103,179.12941
AL Cullman,11.140582,227.16927
AL Dale,52.30658,189.91135
AL Dallas,159.08351,118.50983
AL DeKalb,39.87382,206.57661
AL Elmore,52.84094,188.30292
AL Escambia,59.27799,190.57782
AL Etowah,43.650867,205.75069
AL Fayette,20.173637,231.56577
AL Franklin,88.905556,174.47235
AL Geneva,11.981162,228.9669
AL Greene,176.76584,105.29838
AL Hale,164.47102,110.33461
AL Henry,40.345016,194.55617
AL Houston,37.08661,198.86716
AL Jackson,14.115462,228.31898
AL Jefferson,123.32376,123.62473
AL Lamar,9.649535,234.15143
AL Lauderdale,25.66777,207.18515
AL Lawrence,8.761049,230.81233
AL Lee,95.703026,137.46413
AL Limestone,26.532051,201.31754
AL Lowndes,234.8076,68.03678
AL Macon,165.53734,102.79325
AL Madison,68.922264,155.9131
AL Marengo,115.38682,140.68892
AL Marion,51.473392,205.52728
AL Marshall,54.511894,197.42206
AL Mobile,102.94464,145.43109
AL Monroe,62.653553,185.2697
AL Montgomery,163.27907,90.262184
AL Morgan,38.493717,203.03413
AL Perry,140.11093,145.7059
AL Pickens,74.54698,180.93657
AL Pike,77.17798,171.73346
AL Randolph,55.50272,192.58899
AL Russell,77.061584,167.55435
AL St Clair,19.15826,212.19649
AL Shelby,47.219048,160.01941
AL Sumter,180.16342,92.71509
AL Talladega,45.8366,200.12163
AL Tallapoosa,142.63911,129.07542
AL Tuscaloosa,89.43148,146.99573
AL Walker,56.712444,210.85674
AL Washington,67.21784,184.1029
AL Wilcox,167.81592,114.151764
AL Winston,29.311005,225.98213
AK Fairbanks North Star,121.164215,88.68843
AK Denali,128.6674,84.324066
AK Yukon-Koyukuk,122.45496,117.458626
AK Southeast Fairbanks,112.61582,139.2167
AK Valdez-Cordova,88.5786,146.1207
AK Matanuska-Susitna,47.027157,174.67091
AK Anchorage,129.8008,109.605034
AK Kenai Peninsula,66.55475,148.49278
AK Kodiak Island,68.0176,153.76778
AK Yakutat,79.62899,141.34314
AK Juneau,89.16729,132.56572
AK Hoonah-Angoon,68.71077,156.12689
AK Skagway,81.5878,150.10826
AK Haines,96.88852,126.633835
AK Prince of Wales-Hyder,135.67912,125.35826
AK Petersburg,138.87178,111.42326
AK Sitka,82.310974,141.2487
AK Ketchikan Gateway,120.10714,135.58055
AK Wrangell,114.316345,120.94691
AK Aleutians East,131.98909,112.34084
AK Dillingham,87.530754,155.4352
AK Aleutians West,96.09775,127.963234
AK Lake and Peninsula,86.66001,137.83774
AK Bristol Bay,52.95074,173.8992
AK Bethel,103.41547,123.95643
AK Kusilvak,84.26783,144.71655
AK Nome,81.90247,157.30981
AK Northwest Arctic,133.58514,100.196236
AK North Slope,124.573456,107.910995
AZ Apache,216.85098,56.8855
AZ Cochise,92.425026,140.96777
AZ Coconino,163.664,66.58611
AZ Gila,66.66788,181.06099
AZ Graham,91.25154,143.80138
AZ Greenlee,69.01785,155.69495
AZ La Paz,92.59719,149.24568
AZ Maricopa,196.0207,50.337547
AZ Mohave,69.6458,179.2971
AZ Navajo,186.55101,77.79261
AZ Pima,159.40091,74.66807
AZ Pinal,104.191216,118.813866
AZ Santa Cruz,219.15842,26.09123
AZ Yavapai,52.63391,172.23364
AZ Yuma,194.69601,50.715412
AR Arkansas,36.537666,215.77094
AR Ashley,37.240376,212.83228
AR Baxter,0.00019066341,229.78073
AR Benton,61.68777,160.77687
AR Boone,1.2951196,227.61357
AR Bradley,67.96007,188.65588
AR Calhoun,3.0495872,236.84009
AR Carroll,41.88459,194.63002
AR Chicot,146.09471,134.28314
AR Clark,45.451416,193.52782
AR Clay,25.378843,224.13832
AR Cleburne,18.578066,214.5748
AR Cleveland,19.882202,216.00555
AR Columbia,55.52017,195.53635
AR Conway,26.62845,214.5445
AR Craighead,50.426544,188.06795
AR Crawford,10.883433,226.8424
AR Crittenden,146.28313,120.74677
AR Cross,28.798098,221.24747
AR Dallas,57.147137,199.52628
AR Desha,77.373924,176.32797
AR Drew,44.77187,196.54353
AR Faulkner,33.775463,189.51735
AR Franklin,3.9432664,234.94745
AR Fulton,2.0670377e-6,238.99222
AR Garland,32.200638,215.89346
AR Grant,0.4353569,233.29077
AR Greene,2.911895,238.94698
AR Hempstead,56.93427,193.20372
AR Hot Spring,49.394695,204.87529
AR Howard,63.843014,187.20006
AR Independence,12.267001,223.71028
AR Izard,4.2232447,237.15602
AR Jackson,14.087687,237.58511
AR Jefferson,144.86156,119.38393
AR Johnson,38.45698,197.71164
AR Lafayette,45.79189,208.22646
AR Lawrence,47.14657,204.3741
AR Lee,220.01007,74.07613
AR Lincoln,207.06114,84.32956
AR Little River,38.465073,211.1891
AR Logan,1.2445922,242.4955
AR Lonoke,9.195325,216.26257
AR Madison,18.906736,216.83246
AR Marion,1.382283e-7,241.30917
AR Miller,44.000317,202.48656
AR Mississippi,90.613144,172.06668
AR Monroe,60.414837,196.47101
AR Montgomery,4.509347,237.37415
AR Nevada,92.57863,171.99092
AR Newton,33.01668,203.6085
AR Ouachita,34.019672,217.37149
AR Perry,0.61344475,235.49944
AR Phillips,121.1841,148.27641
AR Pike,7.136929,236.2775
AR Poinsett,42.507305,216.95042
AR Polk,18.667252,226.53664
AR Pope,33.6739,203.41731
AR Prairie,2.3764694,235.88553
AR Pulaski,124.68355,118.915215
AR Randolph,18.769606,224.57047
AR Saline,53.872913,193.38094
AR Scott,9.36093,221.35579
AR Searcy,0.03188756,243.55898
AR Sebastian,20.696016,220.1251
AR Sevier,115.72749,140.30785
AR Sharp,57.032246,194.083
AR St Francis,88.55069,167.73405
AR Stone,6.9820657,232.20409
AR Union,65.97539,191.26982
AR Van Buren,12.312247,229.72008
AR Washington,99.673035,129.80328
AR White,10.662079,223.05621
AR Woodruff,22.22837,225.64824
AR Yell,99.14304,163.61443
CA Alameda,220.29471,6.673026e-11
CA Alpine,76.37693,152.7593
CA Amador,43.88999,179.32349
CA Butte,75.279884,148.74832
CA Calaveras,27.957087,188.54507
CA Colusa,145.0589,84.85315
CA Contra Costa,200.09227,19.111742
CA Del Norte,72.430595,166.40675
CA El Dorado,53.16474,150.32693
CA Fresno,197.30695,48.157745
CA Glenn,109.06456,125.537575
CA Humboldt,80.10471,147.055
CA Imperial,249.73033,3.7585933
CA Inyo,75.582054,144.51526
CA Kern,180.75343,66.456116
CA Kings,187.60431,55.757877
CA Lake,65.25281,172.22655
CA Lassen,49.997883,171.86925
CA Los Angeles,256.39218,6.432553e-14
CA Madera,156.1419,81.36291
CA Marin,162.79105,42.666885
CA Mariposa,45.149014,172.81241
CA Mendocino,108.3053,122.78217
CA Merced,193.28706,51.058662
CA Modoc,33.092934,195.40709
CA Mono,111.04026,93.569595
CA Monterey,203.6862,20.386833
CA Napa,134.89725,84.46613
CA Nevada,47.859497,157.75957
CA Orange,201.38475,24.14881
CA Placer,74.0,123.58052
CA Plumas,23.982162,198.99487
CA Riverside,198.47108,35.911613
CA Sacramento,183.91899,48.521328
CA San Benito,158.59787,59.01941
CA San Bernardino,211.11032,31.92523
CA San Diego,196.95782,29.216574
CA San Francisco,217.3724,3.5843056e-12
CA San Joaquin,190.43994,50.255142
CA San Luis Obispo,96.83354,111.25494
CA San Mateo,209.87244,4.029034e-6
CA Santa Barbara,190.56972,28.809904
CA Santa Clara,214.27124,9.53666e-7
CA Santa Cruz,165.13368,48.564587
CA Shasta,40.238647,190.6682
CA Sierra,19.52706,195.90987
CA Siskiyou,39.99724,189.36774
CA Solano,157.28957,63.84355
CA Sonoma,141.74825,69.79469
CA Stanislaus,165.10883,74.19075
CA Sutter,116.48413,107.952614
CA Tehama,54.898872,178.67744
CA Trinity,29.857079,201.91933
CA Tulare,185.96808,56.511322
CA Tuolumne,30.858305,189.4141
CA Ventura,154.97713,57.931858
CA Yolo,179.83777,32.85268
CA Yuba,107.67819,128.69646
CO Adams,151.25323,70.531494
CO Alamosa,102.99937,127.878494
CO Arapahoe,138.63315,77.25586
CO Archuleta,22.811607,177.36462
CO Baca,5.5783496,222.9516
CO Bent,27.056992,206.52388
CO Boulder,121.650665,85.48441
CO Broomfield,103.14907,105.38948
CO Chaffee,103.507545,116.31488
CO Cheyenne,8.662421,210.17494
CO Clear Creek,44.839867,154.09502
CO Conejos,68.550186,152.34381
CO Costilla,90.05738,145.67432
CO Crowley,64.76568,170.54813
CO Custer,1.8791327,206.94272
CO Delta,14.734625,207.58986
CO Denver,191.17587,36.029797
CO Dolores,1.4588719e-5,217.93631
CO Douglas,66.61183,125.51934
CO Eagle,131.6409,65.84696
CO El Paso,41.62379,154.03596
CO Elbert,59.96412,157.82152
CO Fremont,13.022556,211.8961
CO Garfield,89.17822,120.931595
CO Gilpin,14.238943,189.44214
CO Grand,42.90272,156.78352
CO Gunnison,99.72474,101.1495
CO Hinsdale,5.555847,192.33855
CO Huerfano,38.885036,192.50214
CO Jackson,10.511177,198.51857
CO Jefferson,91.52343,117.83304
CO Kiowa,0.003419022,225.25645
CO Kit Carson,54.72791,173.11482
CO La Plata,53.488594,154.89948
CO Lake,68.35843,126.547745
CO Larimer,74.294266,124.06961
CO Las Animas,36.825165,187.44963
CO Lincoln,18.865192,199.0446
CO Logan,77.03555,159.32541
CO Mesa,23.096619,193.7466
CO Mineral,29.368801,179.81564
CO Moffat,25.326208,192.81778
CO Montezuma,28.870436,190.32204
CO Montrose,49.42479,170.17303
CO Morgan,158.10368,89.493645
CO Otero,55.649517,181.34001
CO Ouray,52.98766,147.0464
CO Park,6.025779,189.86908
CO Phillips,29.415081,191.30997
CO Pitkin,101.14527,94.39102
CO Prowers,34.378365,192.55373
CO Pueblo,71.93483,156.69173
CO Rio Blanco,3.2632241,204.12625
CO Rio Grande,72.69865,155.65765
CO Routt,80.55805,115.11959
CO Saguache,107.956665,121.03389
CO San Juan,40.115215,177.15685
CO San Miguel,77.29578,115.2543
CO Sedgwick,17.998446,210.67926
CO Summit,107.01384,88.23268
CO Teller,18.260818,192.8206
CO Washington,13.593325,206.74242
CO Weld,93.26901,120.80875
CO Yuma,44.129166,178.44376
CT Tolland,146.00444,73.807014
CT New Haven,204.89722,39.029484
CT Windham,57.274277,151.27245
CT Hartford,175.94699,56.271046
CT Litchfield,138.98994,95.78174
CT Fairfield,208.64923,32.34884
CT New London,103.6392,110.25083
CT Middlesex,132.54568,100.86848
DE New Castle,132.97812,108.16369
DE Kent,129.31667,101.30617
DE Sussex,115.63494,125.446785
DC DC,247.80214,1.1916702e-10
FL Alachua,129.51927,89.14008
FL Baker,46.128983,198.85703
FL Bay,71.437614,168.1806
FL Bradford,45.955925,202.34361
FL Brevard,76.626144,151.49586
FL Broward,212.14772,29.085297
FL Calhoun,72.09193,179.77783
FL Charlotte,59.136208,171.80008
FL Citrus,30.925158,207.41483
FL Clay,60.09601,166.72989
FL Collier,122.86584,103.21518
FL Columbia,67.57822,184.30508
FL Desoto,133.0126,114.10093
FL Dixie,52.449646,207.06349
FL Duval,136.88974,105.57234
FL Escambia,102.55743,134.29645
FL Flagler,39.803524,182.31427
FL Franklin,53.715187,192.8049
FL Gadsden,166.04874,95.45687
FL Gilchrist,36.979736,204.10077
FL Glades,94.15218,149.98479
FL Gulf,63.105366,181.91298
FL Hamilton,114.15463,150.83699
FL Hardee,125.59518,118.57039
FL Hendry,206.79836,53.080227
FL Hernando,35.7455,198.73807
FL Highlands,61.176903,177.02419
FL Hillsborough,161.05467,73.20603
FL Holmes,30.73668,220.29033
FL Indian River,66.36698,162.54741
FL Jackson,97.09607,159.13377
FL Jefferson,93.350204,149.17363
FL Lafayette,123.44773,147.72484
FL Lake,66.487495,164.33775
FL Lee,116.64996,115.51726
FL Leon,134.10977,88.2567
FL Levy,32.503567,209.51457
FL Liberty,113.98312,147.85707
FL Madison,113.41402,147.82178
FL Manatee,104.92129,128.22989
FL Marion,66.17845,171.28413
FL Martin,83.96083,147.29495
FL Miami-Dade,251.55605,3.7108588e-5
FL Monroe,117.23351,114.499695
FL Nassau,28.593554,200.15907
FL Okaloosa,65.74002,161.47357
FL Okeechobee,91.40985,157.65672
FL Orange,181.46013,53.623077
FL Osceola,162.58469,71.17396
FL Palm Beach,177.75537,58.7993
FL Pasco,71.67816,162.99442
FL Pinellas,123.53168,115.94963
FL Polk,117.44721,123.00154
FL Putnam,63.72892,184.71971
FL Santa Rosa,46.20848,161.21895
FL Sarasota,89.77723,145.80122
FL Seminole,71.20095,151.82207
FL St. Johns,61.899307,157.90955
FL St. Lucie,115.95436,104.428635
FL Sumter,43.379463,176.62265
FL Suwannee,102.3728,161.42526
FL Taylor,68.90882,186.60536
FL Union,69.93173,183.00224
FL Volusia,84.71679,150.67717
FL Wakulla,42.196598,192.36731
FL Walton,53.338764,181.75522
FL Washington,64.35589,189.0784
GA Appling,122.51022,148.67389
GA Atkinson,112.94554,146.5685
GA Bacon,87.26484,177.27689
GA Baker,127.0024,128.64299
GA Baldwin,142.69272,111.77304
GA Banks,35.26993,202.65257
GA Barrow,71.945946,159.61891
GA Bartow,76.434456,162.8455
GA Ben Hill,91.6676,163.02565
GA Berrien,44.66312,199.7257
GA Bibb,161.8041,98.102455
GA Bleckley,65.74536,180.22458
GA Brantley,31.089563,210.79013
GA Brooks,128.03905,127.10588
GA Bryan,71.529594,155.53882
GA Bulloch,87.08655,147.45511
GA Burke,103.97868,150.24083
GA Butts,141.19754,121.169426
GA Calhoun,204.02695,70.60512
GA Camden,49.200825,174.84242
GA Candler,96.78556,161.79109
GA Carroll,83.00969,160.31842
GA Catoosa,26.352795,195.34236
GA Charlton,90.31015,158.92729
GA Chatham,136.64108,98.38747
GA Chattahoochee,158.77444,74.2215
GA Chattooga,45.299286,202.96776
GA Cherokee,66.53475,148.04684
GA Clarke,158.0739,68.905785
GA Clay,178.21463,100.2026
GA Clayton,220.29936,32.972054
GA Clinch,105.939285,159.4758
GA Cobb,144.83818,79.20774
GA Coffee,112.07375,149.14598
GA Colquitt,140.15114,126.43046
GA Columbia,55.405178,153.91165
GA Cook,69.9609,179.3292
GA Coweta,58.599052,157.0066
GA Crawford,35.210686,198.4922
GA Crisp,122.51064,139.3987
GA Dade,26.625317,204.40994
GA Dawson,31.81088,187.81264
GA Decatur,117.0979,139.38567
GA DeKalb,225.4947,12.547602
GA Dodge,57.27554,187.85191
GA Dooly,164.10487,99.77525
GA Dougherty,265.41534,22.82518
GA Douglas,138.74387,102.2461
GA Early,243.9895,62.854336
GA Echols,114.36533,134.90324
GA Effingham,37.14648,187.68994
GA Elbert,51.71959,196.6606
GA Emanuel,92.18,165.33868
GA Evans,97.51159,161.1008
GA Fannin,23.667517,214.69615
GA Fayette,72.18206,138.85085
GA Floyd,68.2184,175.17241
GA Forsyth,63.67097,139.43268
GA Franklin,41.278526,209.86311
GA Fulton,225.21457,12.93452
GA Gilmer,39.86784,194.94559
GA Glascock,36.072777,206.06995
GA Glynn,94.85235,148.25784
GA Gordon,80.49829,167.06844
GA Grady,81.84395,169.33261
GA Greene,91.77082,149.41997
GA Gwinnett,172.16684,55.20978
GA Habersham,99.171005,146.92262
GA Hall,120.386925,115.358406
GA Hancock,292.51093,20.094551
GA Haralson,26.650215,215.4655
GA Harris,49.463802,166.10732
GA Hart,35.283226,203.02635
GA Heard,38.179092,201.84628
GA Henry,127.68591,100.273964
GA Houston,86.25639,146.50446
GA Irwin,56.194283,194.46187
GA Jackson,41.823154,185.97676
GA Jasper,40.9715,191.36882
GA Jeff Davis,91.798874,169.84927
GA Jefferson,137.72395,126.765625
GA Jenkins,184.26328,91.5548
GA Johnson,115.68879,143.21312
GA Jones,35.162544,190.01216
GA Lamar,72.13237,164.74464
GA Lanier,79.11859,165.86078
GA Laurens,79.035645,170.4059
GA Lee,105.83971,134.13626
GA Liberty,124.51461,114.75182
GA Lincoln,61.534103,184.29805
GA Long,74.52101,158.71202
GA Lowndes,101.83152,135.74481
GA Lumpkin,31.343967,194.52914
GA Macon,157.40326,95.268234
GA Madison,37.548523,196.34586
GA Marion,118.193985,142.26306
GA McDuffie,77.32171,164.57458
GA McIntosh,67.43729,175.05974
GA Meriwether,79.445724,167.32288
GA Miller,53.592815,194.06793
GA Mitchell,218.52211,64.8752
GA Monroe,84.64375,152.07579
GA Montgomery,54.87765,186.52493
GA Morgan,38.00997,186.86241
GA Murray,33.837757,208.83084
GA Muscogee,166.66974,85.80753
GA Newton,113.08137,124.97349
GA Oconee,58.50345,153.95726
GA Oglethorpe,69.3927,163.23616
GA Paulding,56.571857,161.41849
GA Peach,126.772804,122.988785
GA Pickens,29.318893,194.57251
GA Pierce,57.275436,189.9445
GA Pike,30.38072,190.5407
GA Polk,53.37873,195.59137
GA Pulaski,78.876045,168.31226
GA Putnam,94.83054,147.71664
GA Quitman,119.74677,152.99394
GA Rabun,41.554058,200.39334
GA Randolph,308.14975,15.996778
GA Richmond,161.82538,91.73818
GA Rockdale,143.06172,91.52888
GA Schley,63.83921,176.94452
GA Screven,96.64767,159.14752
GA Seminole,91.2567,163.77824
GA Spalding,96.659134,154.36658
GA Stephens,57.67315,195.1857
GA Stewart,189.44414,84.09097
GA Sumter,211.67703,67.03533
GA Talbot,130.48563,124.68157
GA Taliaferro,92.52199,167.65134
GA Tattnall,81.74237,169.38141
GA Taylor,86.45852,168.2253
GA Telfair,107.35568,142.98087
GA Terrell,285.45883,28.15138
GA Thomas,133.90056,121.61631
GA Tift,126.4715,132.91644
GA Toombs,98.14237,161.18619
GA Towns,27.059977,208.30824
GA Treutlen,80.234436,175.31529
GA Troup,122.15608,131.72409
GA Turner,193.4578,97.91619
GA Twiggs,76.69044,172.84006
GA Union,26.524677,205.20891
GA Upson,145.57912,120.423225
GA Walker,29.192522,209.35503
GA Walton,54.70515,174.15755
GA Ware,100.2872,160.96617
GA Warren,115.802505,145.36673
GA Washington,100.476395,150.85565
GA Wayne,68.99385,184.98747
GA Webster,113.97213,140.28824
GA Wheeler,73.08901,173.49063
GA White,30.140148,197.70503
GA Whitfield,115.74867,129.85094
GA Wilcox,168.41197,109.36585
GA Wilkes,82.035416,168.431
GA Wilkinson,125.373604,134.68729
GA Worth,115.37783,141.34198
HI Hawaii,128.37033,89.58986
HI Maui,168.22523,48.681557
HI Kauai,106.974625,116.67305
HI Honolulu,150.89268,57.183147
HI Kalawao,138.46628,75.76611
ID Ada,71.15329,134.48068
ID Adams,0.0018083829,220.02638
ID Bannock,30.802988,193.42162
ID Bear Lake,0.03718915,217.05492
ID Benewah,16.507053,216.94818
ID Bingham,28.60647,189.4396
ID Blaine,138.45027,83.01393
ID Boise,2.4336696,210.57037
ID Bonner,1.1640035,211.27994
ID Bonneville,34.446182,181.0549
ID Boundary,0.2843544,219.0025
ID Butte,8.550789e-9,214.14903
ID Camas,0.0053415913,216.5585
ID Canyon,66.39094,158.5977
ID Caribou,1.3433764,217.4622
ID Cassia,59.611206,169.98526
ID Clark,93.39049,147.67549
ID Clearwater,0.0007391143,223.45732
ID Custer,0.02080173,221.82887
ID Elmore,32.26133,188.19817
ID Franklin,0.65768945,213.76794
ID Fremont,15.594878,199.15639
ID Gem,7.862336,216.88441
ID Gooding,57.971962,172.02399
ID Idaho,0.0016196221,222.87195
ID Jefferson,14.56306,191.6855
ID Jerome,83.15589,153.03285
ID Kootenai,18.040285,196.28738
ID Latah,61.97436,142.60805
ID Lemhi,2.7022692e-5,220.22688
ID Lewis,0.00014859704,228.55887
ID Lincoln,69.590485,156.76076
ID Madison,44.335007,161.91379
ID Minidoka,56.75431,176.10071
ID Nez Perce,52.798126,174.44974
ID Oneida,0.095447704,221.74625
ID Owyhee,75.984535,160.42732
ID Payette,43.5117,187.05873
ID Power,50.845455,177.72914
ID Shoshone,30.85139,205.88065
ID Teton,51.005093,149.89995
ID Twin Falls,58.42725,170.25244
ID Valley,6.1012225,201.8725
ID Washington,50.72093,186.25769
IL Putnam,0.68826896,220.45001
IL Randolph,50.290714,201.54156
IL Fayette,19.450989,206.69173
IL Ford,29.682463,198.04324
IL Grundy,24.892239,208.93001
IL Lasalle,32.61945,187.59258
IL Lee,8.074605,208.90099
IL Logan,4.2846274,213.51025
IL Hancock,26.495308,211.92754
IL Gallatin,67.53959,164.11334
IL Mcdonough,62.178074,166.82617
IL Perry,12.55467,215.61438
IL Scott,10.079477,228.4121
IL Macon,42.71486,182.94165
IL Dupage,111.108505,119.94653
IL Clark,170.78468,95.24626
IL Cumberland,16.000975,217.06146
IL Edgar,1.5317859e-5,222.60014
IL Henderson,34.433643,193.51768
IL Whiteside,37.198048,185.12743
IL Calhoun,13.969178,214.53346
IL Carroll,73.4244,143.57846
IL Douglas,12.172366,217.77562
IL Jackson,66.389885,167.8449
IL Jersey,14.969689,206.74889
IL Lawrence,4.292529,224.76201
IL Sangamon,43.491386,191.67357
IL White,0.035382725,239.57315
IL Hardin,0.39101273,236.91469
IL Edwards,2.2446907e-8,238.15373
IL Stark,0.0008303904,223.54456
IL Richland,7.354367,218.5311
IL Pope,1.121169,228.45915
IL Clay,6.514043e-6,218.21085
IL Will,71.50883,164.91145
IL Kane,84.271866,140.54935
IL Kendall,58.95795,157.57114
IL St. Clair,90.59893,147.48233
IL Union,116.47265,130.43341
IL Alexander,29.24659,202.20381
IL Hamilton,0.27165675,235.99506
IL Jasper,63.26733,166.36928
IL Lake,110.65149,111.53055
IL Rock Island,58.936863,172.7856
IL Franklin,58.651623,164.97162
IL Dewitt,12.98124,220.41786
IL Vermilion,43.019,177.44414
IL Knox,31.196568,203.55078
IL Winnebago,131.7248,97.99932
IL Clinton,60.507088,173.54633
IL Cook,174.80978,81.601006
IL Mclean,47.255768,176.37007
IL Pulaski,46.744568,196.25613
IL Schuyler,2.9864333,225.05911
IL Warren,58.6825,167.69547
IL Wayne,20.48943,198.39978
IL Madison,72.2533,148.2131
IL Marion,12.30786,222.30383
IL Massac,0.58019435,224.41745
IL Mercer,25.635706,204.62195
IL Monroe,46.78223,193.51923
IL Ogle,15.530201,203.80217
IL Dekalb,42.816784,183.56631
IL Cass,74.404625,172.4222
IL Champaign,66.17524,151.20078
IL Christian,14.510244,200.26057
IL Wabash,0.76765543,212.61221
IL Peoria,57.828705,177.24709
IL Washington,4.9840946,227.07019
IL Adams,17.350363,211.62645
IL Bond,27.366516,192.79263
IL Brown,46.35422,178.73407
IL Marshall,1.9351684,235.60503
IL Mchenry,46.178852,162.71819
IL Montgomery,11.969033,215.08243
IL Moultrie,0.025410159,231.66289
IL Saline,13.856597,232.13243
IL Stephenson,27.998854,193.12614
IL Tazewell,14.098186,219.42291
IL Boone,61.53763,166.51468
IL Effingham,22.02979,205.87962
IL Fulton,31.057362,197.8843
IL Kankakee,77.19152,170.09727
IL Livingston,25.106596,199.48259
IL Macoupin,12.402058,216.96869
IL Mason,0.7159849,221.6776
IL Morgan,27.444424,192.8947
IL Piatt,0.0022475866,216.40883
IL Pike,13.104198,214.58139
IL Shelby,10.17703,211.22617
IL Bureau,16.106909,215.90317
IL Coles,66.06055,176.42572
IL Crawford,0.16616689,224.89539
IL Iroquois,37.96846,196.92644
IL Jefferson,59.681145,174.24916
IL Johnson,0.29538512,231.90208
IL Williamson,10.328499,219.76706
IL Woodford,11.530396,209.95871
IL Greene,40.043865,182.04707
IL Henry,12.10052,214.88391
IL Jodaviess,50.909016,185.14294
IL Menard,1.0855738,212.98764
IN Adams,37.423332,194.34097
IN Allen,79.35941,151.73294
IN Bartholomew,70.21164,160.25197
IN Benton,1.7452286,226.708
IN Blackford,14.9920845,219.22826
IN Boone,76.1225,144.72955
IN Brown,12.50387,205.18155
IN Carroll,25.080471,199.69366
IN Cass,124.80054,130.57146
IN Clark,62.94183,172.19472
IN Clay,14.24982,214.57216
IN Clinton,38.40954,197.71904
IN Crawford,0.3208994,230.39122
IN Daviess,77.87059,169.23628
IN Dearborn,43.35368,182.43933
IN Decatur,93.60312,151.12048
IN DeKalb,11.225874,211.21767
IN Delaware,62.546005,172.20123
IN Dubois,32.700485,190.67741
IN Elkhart,91.11102,144.1427
IN Fayette,32.316673,213.67558
IN Floyd,68.15513,163.18562
IN Fountain,11.435086,217.8482
IN Franklin,44.323643,185.98296
IN Fulton,11.426705,218.77126
IN Gibson,7.1373916,219.23016
IN Grant,61.691837,181.22939
IN Greene,64.849785,177.80649
IN Hamilton,82.76257,121.9084
IN Hancock,42.753513,177.60759
IN Harrison,44.445614,185.70343
IN Hendricks,73.078835,145.45898
IN Henry,29.75202,206.90198
IN Howard,63.977947,174.33676
IN Huntington,7.62601,214.64264
IN Jackson,29.38421,206.70935
IN Jasper,9.295227,212.39305
IN Jay,11.96358,223.18254
IN Jefferson,10.7871275,222.63232
IN Jennings,31.591312,207.86673
IN Johnson,76.91415,152.72292
IN Knox,1.9241327,232.69109
IN Kosciusko,27.658905,198.02937
IN La Porte,66.96371,163.24875
IN LaGrange,76.846405,156.37029
IN Lake,111.40171,131.64331
IN Lawrence,42.133545,192.4352
IN Madison,68.55652,175.24667
IN Marion,179.41684,78.163185
IN Marshall,48.01081,181.60136
IN Martin,0.00068352005,231.82716
IN Miami,13.464958,218.08116
IN Monroe,111.50496,103.97529
IN Montgomery,50.396946,186.07016
IN Morgan,37.60368,193.98676
IN Newton,64.8856,174.92807
IN Noble,64.714424,168.49986
IN Ohio,29.28015,196.40685
IN Orange,89.204865,160.02509
IN Owen,6.2433295,225.45845
IN Parke,3.2559004,225.47646
IN Perry,42.636246,188.66136
IN Pike,0.00017950236,221.0716
IN Porter,49.420044,170.732
IN Posey,0.0072393813,214.84438
IN Pulaski,10.010076,220.41806
IN Putnam,33.074574,192.62617
IN Randolph,17.410425,216.95622
IN Ripley,29.386658,201.66087
IN Rush,19.404793,212.16705
IN Scott,59.956738,172.84929
IN Shelby,59.1651,189.87987
IN Spencer,10.747003,217.79097
IN St. Joseph,52.56144,169.56718
IN Starke,19.98237,211.15424
IN Steuben,14.95488,202.38885
IN Sullivan,14.630599,221.25452
IN Switzerland,0.051990923,233.01111
IN Tippecanoe,86.79301,133.49269
IN Tipton,31.002682,196.61873
IN Union,0.025821805,222.3516
IN Vanderburgh,50.506584,185.31123
IN Vermillion,0.0007686554,227.40239
IN Vigo,45.56364,188.28163
IN Wabash,11.629081,216.33566
IN Warren,11.993155,208.91399
IN Warrick,47.75196,169.42583
IN Washington,4.936637,228.11646
IN Wayne,24.321886,215.36507
IN Wells,1.9744846,218.79494
IN White,51.600574,180.54613
IN Whitley,10.412458,204.5323
IA Adair,0.3834515,215.21356
IA Adams,0.0012538307,215.20705
IA Allamakee,53.618687,173.13579
IA Appanoose,24.25436,201.6625
IA Audubon,16.141447,203.36263
IA Benton,8.305907,200.50508
IA Black Hawk,114.02428,115.13422
IA Boone,18.862724,201.7933
IA Bremer,38.036247,169.95428
IA Buchanan,13.020321,204.5476
IA Buena Vista,186.62198,73.15608
IA Butler,10.939821,203.84921
IA Calhoun,17.3388,205.89824
IA Carroll,11.161429,203.84119
IA Cass,2.473283,219.07428
IA Cedar,9.237954,201.76129
IA Cerro Gordo,45.97793,180.61847
IA Cherokee,11.304345,210.19322
IA Chickasaw,0.85670084,213.62608
IA Clarke,46.687214,181.85184
IA Clay,19.639837,205.13664
IA Clayton,21.519117,194.91815
IA Clinton,25.841497,196.35281
IA Crawford,103.80056,142.44777
IA Dallas,89.845566,121.26432
IA Davis,43.757996,183.17155
IA Decatur,11.478716,210.20662
IA Delaware,12.632993,199.2299
IA Des Moines,35.30387,193.10783
IA Dickinson,30.794926,191.04291
IA Dubuque,57.874184,157.87636
IA Emmet,43.071537,188.85213
IA Fayette,5.4767566,213.48918
IA Floyd,18.986555,205.47217
IA Franklin,62.716606,168.9291
IA Fremont,2.2919627e-5,217.34698
IA Greene,0.80389065,219.9858
IA Grundy,4.6256757,205.68121
IA Guthrie,41.071346,180.95206
IA Hamilton,25.00808,197.12575
IA Hancock,13.7390585,203.73143
IA Hardin,6.5425415,211.85373
IA Harrison,1.8845739,215.5881
IA Henry,25.048231,200.325
IA Howard,8.938504,208.13866
IA Humboldt,15.290743,206.5431
IA Ida,0.00020999477,220.20564
IA Iowa,7.2885804,204.69548
IA Jackson,2.229984,215.74191
IA Jasper,64.16536,161.16525
IA Jefferson,34.363895,183.26256
IA Johnson,129.26096,80.0908
IA Jones,11.636749,202.64989
IA Keokuk,8.539097,204.58482
IA Kossuth,0.016546292,215.74876
IA Lee,11.52649,218.56752
IA Linn,85.89934,132.86316
IA Louisa,137.26028,112.37561
IA Lucas,35.376076,192.14525
IA Lyon,7.2518344,207.33247
IA Madison,16.38165,194.62756
IA Mahaska,62.67462,162.5258
IA Marion,7.164937,204.77214
IA Marshall,127.019104,117.92274
IA Mills,1.3186849,217.06548
IA Mitchell,0.27626383,211.6
IA Monona,5.247947,224.44148
IA Monroe,60.14063,171.04253
IA Montgomery,34.411472,203.30167
IA Muscatine,114.69578,124.15297
IA O'Brien,23.879345,198.27255
IA Osceola,12.755482,208.77576
IA Page,1.4124503,225.92209
IA Palo Alto,1.6839246,220.01512
IA Plymouth,42.66946,175.82458
IA Pocahontas,24.279629,201.2826
IA Polk,115.73156,111.038574
IA Pottawattamie,48.801384,182.70645
IA Poweshiek,67.38919,154.28366
IA Ringgold,10.584001,209.26927
IA Sac,0.2794521,220.06253
IA Scott,54.342484,161.49507
IA Shelby,10.224506,210.17259
IA Sioux,36.227634,171.91605
IA Story,96.184814,112.210266
IA Tama,146.77892,105.46984
IA Taylor,25.654516,199.7608
IA Union,13.547054,208.74846
IA Van Buren,10.660321,214.14218
IA Wapello,105.69992,138.41882
IA Warren,17.552631,192.33696
IA Washington,62.117718,161.25461
IA Wayne,10.413892,217.25705
IA Webster,35.50276,195.44717
IA Winnebago,26.116962,195.37596
IA Winneshiek,25.383503,175.83443
IA Woodbury,114.491234,128.62209
IA Worth,0.014360193,218.09628
IA Wright,54.826565,179.95172
KS Allen,0.0030439848,230.0212
KS Anderson,0.13658284,226.16812
KS Atchison,19.742989,211.58334
KS Barber,6.714977e-6,227.68484
KS Barton,21.564438,207.86217
KS Bourbon,14.296982,220.67523
KS Brown,0.11498621,229.1888
KS Butler,6.1297984,215.64627
KS Chase,3.9578855,233.62558
KS Chautaqua,0.0010773293,241.79034
KS Cherokee,3.353945,231.71014
KS Cheyenne,0.0005299938,218.89612
KS Clark,44.685326,192.88426
KS Clay,16.194208,207.46509
KS Cloud,0.65857273,225.75742
KS Coffey,84.58276,161.72438
KS Comanche,3.4674673e-7,227.76959
KS Cowley,20.651472,214.54678
KS Crawford,30.532267,199.35237
KS Decatur,1.2583944e-6,222.4661
KS Dickinson,2.1488032,223.3493
KS Doniphan,1.8470658,219.24004
KS Douglas,94.68349,118.50576
KS Edwards,26.631262,200.847
KS Elk,9.49046e-8,231.51865
KS Ellis,10.361721,203.68797
KS Ellsworth,1.823966,224.32248
KS Finney,170.5297,78.989685
KS Ford,181.30315,76.35607
KS Franklin,7.979425,218.56714
KS Geary,75.789536,154.12425
KS Gove,7.0793416e-5,219.2152
KS Graham,5.740095,220.91818
KS Grant,85.20714,143.17305
KS Gray,25.731936,195.9142
KS Greeley,1.1198795,230.70763
KS Greenwood,1.3528327e-5,235.48872
KS Hamilton,68.34754,164.28603
KS Harper,0.042160828,234.5608
KS Harvey,26.591368,196.23679
KS Haskell,66.325264,162.87321
KS Hodgeman,0.7187721,216.34558
KS Jackson,20.077267,204.93332
KS Jefferson,0.021422856,215.6888
KS Jewell,2.2124674,220.28685
KS Johnson,82.3287,125.74867
KS Kearny,72.422195,165.2664
KS Kingman,1.5732214e-5,219.54608
KS Kiowa,0.0021074682,224.24329
KS Labette,7.808425,228.61378
KS Lane,4.483312e-6,228.14464
KS Leavenworth,67.08999,156.3662
KS Lincoln,3.4205982e-7,221.88132
KS Linn,2.4511808e-5,223.87593
KS Logan,4.0795735e-6,223.3951
KS Lyon,89.049736,146.75449
KS Marion,11.185247,207.98126
KS Marshall,1.4633265e-5,221.40993
KS McPherson,0.27619848,216.46606
KS Meade,28.955803,196.71675
KS Miami,0.071081094,213.97983
KS Mitchell,1.0869163e-5,223.81683
KS Montgomery,22.740673,218.06317
KS Morris,0.0077514183,226.89984
KS Morton,74.2369,168.14899
KS Nemaha,0.16806996,214.2884
KS Neosho,0.28018427,233.56102
KS Ness,0.025617864,227.2238
KS Norton,0.22481479,227.08943
KS Osage,0.0037313038,225.5399
KS Osborne,3.4546535e-8,220.35355
KS Ottawa,0.003748444,218.02979
KS Pawnee,7.2418323,221.4415
KS Phillips,56.711555,183.70782
KS Pottawatomie,11.379285,202.05704
KS Pratt,1.4594017,227.24393
KS Rawlins,0.002260095,220.82579
KS Reno,15.791585,214.35342
KS Republic,4.8479375e-5,221.15288
KS Rice,4.2871823,218.68094
KS Riley,90.95043,119.975746
KS Rooks,2.7088126e-5,221.66765
KS Rush,1.3420148e-6,222.18811
KS Russell,1.4875343e-5,224.92174
KS Saline,27.901691,198.44397
KS Scott,19.252068,212.8105
KS Sedgwick,70.81432,161.01218
KS Seward,193.14285,61.517353
KS Shawnee,69.09978,161.86867
KS Sheridan,2.2670272e-5,221.17432
KS Sherman,0.011070531,229.48268
KS Smith,1.2539115e-7,222.0289
KS Stafford,6.5688467,222.46289
KS Stanton,64.480095,173.85805
KS Stevens,51.63541,175.72725
KS Sumner,9.029848,214.9135
KS Thomas,0.0032614346,217.39261
KS Trego,1.8356258,223.93973
KS Wabaunsee,4.0407696,211.62216
KS Wallace,5.5760387e-7,220.13588
KS Washington,2.179678e-6,226.31857
KS Wichita,30.39143,204.65105
KS Wilson,2.2606657e-5,239.30087
KS Woodson,0.0015896902,235.20181
KS Wyandotte,189.1412,67.52666
KY Adair,73.40519,177.82256
KY Allen,27.97363,213.97025
KY Anderson,5.5990725,223.82831
KY Ballard,9.411336e-5,239.64214
KY Barren,11.693927,223.95811
KY Bath,12.590286,239.70053
KY Bell,22.991047,235.82858
KY Boone,51.420742,173.6275
KY Bourbon,20.1821,217.42189
KY Boyd,11.49725,236.014
KY Boyle,15.824922,216.81134
KY Bracken,0.0003840506,237.88171
KY Breathitt,8.775736,256.41104
KY Breckinridge,12.265691,229.6392
KY Bullitt,6.9955554,218.28752
KY Butler,99.980156,165.9289
KY Caldwell,0.058794793,246.968
KY Calloway,24.534208,204.96053
KY Campbell,44.532486,182.55363
KY Carlisle,22.390257,217.60037
KY Carroll,40.656536,214.47974
KY Carter,5.9480486,242.54077
KY Casey,31.266438,221.72299
KY Christian,71.12268,178.02185
KY Clark,21.009174,223.02377
KY Clay,30.714397,239.48216
KY Clinton,0.01729427,252.13568
KY Crittenden,10.632423,233.1171
KY Cumberland,2.6021946e-5,243.24153
KY Daviess,26.862427,205.7447
KY Edmonson,65.83651,181.5977
KY Elliott,0.03252706,255.54478
KY Estill,4.676318e-5,257.37723
KY Fayette,106.891396,122.69282
KY Fleming,0.0029654477,251.19046
KY Floyd,2.3509672,257.7391
KY Franklin,47.601288,193.41495
KY Fulton,47.514893,213.87953
KY Gallatin,73.37091,183.84021
KY Garrard,0.29281083,232.60075
KY Grant,24.193712,216.76381
KY Graves,59.796272,192.46738
KY Grayson,36.87713,212.47299
KY Green,17.235334,228.80637
KY Greenup,0.0063338843,238.94788
KY Hancock,0.00083879894,230.27844
KY Hardin,27.69283,202.46376
KY Harlan,17.723768,243.3622
KY Harrison,0.59775555,240.57748
KY Hart,14.042007,229.89488
KY Henderson,21.035719,217.76538
KY Henry,14.140348,224.6396
KY Hickman,0.40366426,243.92001
KY Hopkins,60.85251,188.9773
KY Jackson,77.79454,191.98637
KY Jefferson,114.21247,128.6126
KY Jessamine,28.980703,203.43903
KY Johnson,1.9361936,253.44043
KY Kenton,50.106575,183.77687
KY Knott,20.002224,242.30904
KY Knox,26.42701,235.07716
KY Larue,6.079591,233.19206
KY Laurel,6.5705204,238.23479
KY Lawrence,0.00023856851,251.81418
KY Lee,0.10977319,268.43472
KY Leslie,1.1126125,266.01608
KY Letcher,0.06332224,259.3878
KY Lewis,14.101302,236.94757
KY Lincoln,8.8026495,233.87917
KY Livingston,2.599087,235.79456
KY Logan,48.70663,199.90068
KY Lyon,39.358078,210.72913
KY Madison,13.791964,215.90971
KY Magoffin,15.2531595,244.5764
KY Marion,3.3280373,233.29964
KY Marshall,10.849927,225.90521
KY Martin,0.11047227,259.69376
KY Mason,8.219402,234.70245
KY McCracken,10.232613,229.02957
KY McCreary,14.489987,250.83049
KY McLean,14.280158,232.09077
KY Meade,7.720524,221.8757
KY Menifee,0.000384134,248.8237
KY Mercer,0.24932702,235.63449
KY Metcalfe,16.77834,234.48268
KY Monroe,11.498806,240.91196
KY Montgomery,16.191439,230.74004
KY Morgan,0.36261192,249.4288
KY Muhlenberg,48.533268,199.48718
KY Nelson,6.228942,226.6225
KY Nicholas,13.307955,241.14844
KY Ohio,20.8611,219.19862
KY Oldham,32.871117,184.25316
KY Owen,0.31193417,235.26054
KY Owsley,14.646901,262.11014
KY Pendleton,5.577764e-6,236.39908
KY Perry,20.145658,246.98961
KY Pike,7.4529247,247.74333
KY Powell,0.0011978473,259.30264
KY Pulaski,5.211898,237.52782
KY Robertson,2.0547682e-7,244.46048
KY Rockcastle,5.190472,247.33536
KY Rowan,12.91247,227.61172
KY Russell,27.19719,225.42805
KY Scott,21.688408,202.72484
KY Shelby,59.508152,172.51736
KY Simpson,29.875237,207.90144
KY Spencer,0.007878245,219.76297
KY Taylor,17.325043,227.73018
KY Todd,28.220203,222.82742
KY Trigg,0.07963082,238.50786
KY Trimble,0.014429116,241.86072
KY Union,6.845895,234.51883
KY Warren,70.15035,164.09999
KY Washington,3.43661,232.86568
KY Wayne,0.1431217,249.74365
KY Webster,8.136772,241.40019
KY Whitley,1.5810782,251.62836
KY Wolfe,17.755833,251.39828
KY Woodford,17.394165,208.01338
LA Acadia,108.050964,155.5112
LA Allen,108.36666,148.10405
LA Ascension,94.91649,140.33073
LA Assumption,109.26786,147.12004
LA Avoyelles,95.91089,168.34868
LA Beauregard,47.688663,194.98526
LA Bienville,184.59975,102.52279
LA Bossier,73.73285,163.09601
LA Caddo,163.42635,100.870964
LA Calcasieu,90.65362,160.07445
LA Caldwell,49.241573,212.94699
LA Cameron,19.998928,211.26443
LA Catahoula,85.07189,183.80739
LA Claiborne,120.515686,144.88354
LA Concordia,89.33822,175.48337
LA De Soto,119.65805,144.96451
LA East Baton Rouge,171.93115,82.667015
LA East Carroll,188.58347,102.53887
LA East Feliciana,167.79176,108.110245
LA Evangeline,75.58242,184.80981
LA Franklin,119.10389,151.75981
LA Grant,46.417583,196.99916
LA Iberia,126.29406,133.2152
LA Iberville,180.20609,92.00273
LA Jackson,114.16744,150.71092
LA Jefferson,187.23674,73.80528
LA Jefferson Davis,87.168045,169.84496
LA Lafayette,99.64835,136.4661
LA Lafourche,107.62241,145.04753
LA Lasalle,30.595814,219.07503
LA Lincoln,116.12902,125.01584
LA Livingston,45.49255,195.71971
LA Madison,182.54198,100.600426
LA Morehouse,87.26521,175.24162
LA Natchitoches,99.89421,148.8535
LA Orleans,265.2663,1.2673769
LA Ouachita,114.58416,137.02884
LA Plaquemines,117.74717,129.7062
LA Pointe Coupee,139.51111,128.06143
LA Rapides,106.90659,148.33176
LA Red River,136.90536,135.70547
LA Richland,72.63701,177.97408
LA Sabine,49.41871,199.2367
LA St. Bernard,107.49969,148.16179
LA St. Charles,128.54579,119.744514
LA St. Helena,96.04338,161.18298
LA St. James,168.08102,91.13289
LA St. John The Baptist,234.42336,44.62396
LA St. Landry,143.68456,123.48431
LA St. Martin,109.22293,144.07892
LA St. Mary,126.17569,137.13208
LA St. Tammany,92.51687,144.3099
LA Tangipahoa,98.80142,156.99266
LA Tensas,80.22592,173.88051
LA Terrebonne,98.05617,156.94334
LA Union,109.02907,151.2781
LA Vermilion,55.787743,186.7237
LA Vernon,51.79688,188.39824
LA Washington,125.70954,152.26561
LA Webster,65.37174,185.39873
LA West Baton Rouge,143.2762,114.64343
LA West Carroll,47.849358,205.24788
LA West Feliciana,118.846245,131.78871
LA Winn,88.27431,169.64127
ME Androscoggin,46.6146,177.78613
ME Aroostook,16.974497,210.96484
ME Cumberland,87.00812,119.44595
ME Franklin,23.406174,194.37622
ME Hancock,27.593212,186.1561
ME Kennebec,38.136818,183.47073
ME Knox,26.194218,182.2537
ME Lincoln,19.049072,195.56003
ME Oxford,16.89006,203.52145
ME Penobscot,32.372124,190.43686
ME Piscataquis,9.803025,220.62996
ME Sagadahoc,29.19188,179.26938
ME Somerset,16.380634,212.13223
ME Waldo,57.777843,157.85529
ME Washington,17.973085,213.2363
ME York,46.500084,162.83098
MD Allegany,64.153625,168.56595
MD Anne Arundel,133.14668,89.16841
MD Baltimore City,231.76176,10.707179
MD Baltimore,143.13055,76.99156
MD Calvert,80.358734,149.18079
MD Caroline,57.95799,160.32343
MD Carroll,85.851746,146.84071
MD Cecil,90.34785,133.86798
MD Charles,149.76805,86.53995
MD Dorchester,94.83006,123.563995
MD Frederick,89.59194,131.77194
MD Garrett,37.851784,173.50002
MD Harford,106.266716,98.40318
MD Howard,128.99817,94.1741
MD Kent,194.73787,43.464443
MD Montgomery,236.72473,1.1300772e-5
MD Prince George's,188.78606,30.38939
MD Queen Anne's,83.88663,136.7395
MD St. Mary's,109.09842,128.11565
MD Somerset,64.00587,150.83513
MD Talbot,77.38697,157.90804
MD Washington,85.77164,141.38153
MD Wicomico,104.07343,120.561554
MD Worcester,142.96895,121.32202
MA Barnstable,103.43681,121.3251
MA Berkshire,102.66609,120.05247
MA Bristol,167.5441,77.010994
MA Dukes,69.30769,137.91982
MA Essex,222.67287,26.812864
MA Franklin,127.41979,100.143234
MA Hampden,212.76875,46.133396
MA Hampshire,151.13707,65.54981
MA Middlesex,238.0024,3.774233e-5
MA Nantucket,98.83394,109.8624
MA Norfolk,234.9933,0.9824535
MA Plymouth,176.2692,66.31472
MA Suffolk,259.48608,6.432553e-14
MA Worcester,174.39578,64.69572
MI Alcona,25.67656,210.62386
MI Alger,38.947464,189.54102
MI Allegan,43.884735,174.9307
MI Alpena,59.130657,176.92247
MI Antrim,28.38198,192.27504
MI Arenac,31.399565,204.45337
MI Baraga,34.674606,201.63333
MI Barry,28.285826,192.21776
MI Bay,61.134052,170.62567
MI Benzie,31.849264,189.70332
MI Berrien,95.31288,146.11662
MI Branch,44.72172,191.3996
MI Calhoun,89.983315,154.09299
MI Cass,43.30734,183.69492
MI Charlevoix,33.549458,186.68698
MI Cheboygan,27.470888,206.11363
MI Chippewa,52.517593,182.48586
MI Clare,33.625404,212.1772
MI Clinton,56.223915,161.73386
MI Crawford,55.956028,182.578
MI Delta,32.97953,195.89255
MI Dickinson,28.444258,198.44586
MI Eaton,68.87846,158.87802
MI Emmet,40.491768,178.98416
MI Genesee,142.2955,113.852196
MI Gladwin,25.51497,209.62775
MI Gogebic,51.0709,186.35883
MI Gd. Traverse,48.080463,170.40733
MI Gratiot,68.35539,166.78928
MI Hillsdale,68.858376,170.526
MI Houghton,49.6275,169.20221
MI Huron,28.204819,202.78351
MI Ingham,138.79282,93.76278
MI Ionia,45.54162,183.37332
MI Iosco,53.46306,192.08131
MI Iron,24.40962,206.94418
MI Isabella,90.83599,137.17712
MI Jackson,70.762794,165.61604
MI Kalamazoo,118.3467,112.38074
MI Kalkaska,38.471287,194.8294
MI Kent,121.27177,107.14651
MI Keweenaw,21.122782,198.95331
MI Lake,30.483967,216.59148
MI Lapeer,63.528233,165.97433
MI Leelanau,44.17746,165.87624
MI Lenawee,49.142673,180.37637
MI Livingston,46.96014,167.91838
MI Luce,33.763256,200.28224
MI Mackinac,52.96258,188.26022
MI Macomb,148.1458,99.06503
MI Manistee,32.912464,198.4197
MI Marquette,58.18973,160.93115
MI Mason,32.909077,197.56311
MI Mecosta,43.3025,179.7437
MI Menominee,29.044077,198.4564
MI Midland,46.529335,169.65788
MI Missaukee,29.52898,200.85876
MI Monroe,54.4641,172.81152
MI Montcalm,33.84677,198.66794
MI Montmorency,14.789643,225.24782
MI Muskegon,85.72129,157.13535
MI Newaygo,34.792706,198.89136
MI Oakland,169.01205,66.30621
MI Oceana,67.19645,173.3703
MI Ogemaw,26.608631,215.28722
MI Ontonagon,19.375917,208.08267
MI Osceola,26.865776,211.69716
MI Oscoda,32.08302,213.99254
MI Otsego,59.41097,174.46881
MI Ottawa,71.9408,143.81946
MI Presque Isle,23.881382,207.45775
MI Roscommon,24.879978,214.8315
MI Saginaw,119.54274,129.3307
MI St. Clair,59.635414,175.13956
MI St. Joseph,54.46568,180.18277
MI Sanilac,36.467,196.70158
MI Schoolcraft,25.556488,210.51039
MI Shiawassee,61.35532,170.9565
MI Tuscola,63.84779,171.01683
MI Van Buren,65.894806,168.47359
MI Washtenaw,163.98875,53.74871
MI Wayne,255.89355,26.418095
MI Wexford,33.2195,197.52336
MN Aitkin,0.19539031,218.93088
MN Anoka,69.78728,139.05457
MN Becker,5.9016714,209.97244
MN Beltrami,45.77744,177.89876
MN Benton,39.091785,179.5821
MN Big Stone,0.15186451,216.46329
MN Blue Earth,59.02241,151.48318
MN Brown,11.493906,197.98457
MN Carlton,11.745458,205.671
MN Carver,43.374092,150.64148
MN Cass,11.5273075,213.88206
MN Chippewa,23.689573,200.33603
MN Chisago,5.9575443,200.59859
MN Clay,92.68503,125.21442
MN Clearwater,0.20036462,228.8304
MN Cook,35.93363,169.25305
MN Cottonwood,30.243336,193.03906
MN Crow Wing,20.472458,189.29031
MN Dakota,89.03216,117.489265
MN Dodge,14.549681,191.97835
MN Douglas,0.74027574,204.86053
MN Faribault,1.923243,212.11133
MN Fillmore,10.062424,204.22037
MN Freeborn,26.984821,193.88379
MN Goodhue,30.801493,183.70543
MN Grant,22.305595,200.45718
MN Hennepin,179.70229,44.82138
MN Houston,0.16377845,201.89455
MN Hubbard,0.04318932,212.83392
MN Isanti,0.80773604,207.86887
MN Itasca,27.672672,192.10861
MN Jackson,7.849804,202.53137
MN Kanabec,11.275099,205.53104
MN Kandiyohi,42.801003,175.82825
MN Kittson,0.010063024,215.1108
MN Koochiching,19.245825,200.79558
MN Lac Qui Parle,0.0037224535,213.1771
MN Lake,1.1988724,210.59595
MN Lake Of The Woods,0.035867263,218.20496
MN Le Sueur,15.927643,193.13214
MN Lincoln,0.2818218,211.38202
MN Lyon,58.984646,161.31386
MN Mcleod,3.8961904,208.03267
MN Mahnomen,72.772064,172.17036
MN Marshall,0.67968965,211.20612
MN Martin,39.287197,180.71516
MN Meeker,8.31599,205.0995
MN Mille Lacs,24.578985,200.98291
MN Morrison,3.8262641,207.37639
MN Mower,80.71506,146.1774
MN Murray,15.472059,201.35275
MN Nicollet,82.52637,132.65117
MN Nobles,184.5753,74.35283
MN Norman,7.9756956,214.25497
MN Olmsted,84.8034,126.480286
MN Otter Tail,5.9749355,206.02226
MN Pennington,28.277332,198.97224
MN Pine,12.120699,209.74341
MN Pipestone,64.9382,164.19225
MN Polk,31.610134,189.61961
MN Pope,0.007307806,208.46892
MN Ramsey,173.86067,55.73772
MN Red Lake,0.026796423,216.30319
MN Redwood,0.40164337,217.04724
MN Renville,19.574493,199.57298
MN Rice,78.826,133.49542
MN Rock,6.1697583,211.93091
MN Roseau,1.7240772,208.58858
MN St. Louis,38.198208,177.75597
MN Scott,63.36272,140.44035
MN Sherburne,27.341673,178.60489
MN Sibley,24.382504,187.87297
MN Stearns,76.896515,139.02657
MN Steele,23.089024,189.07639
MN Stevens,31.285349,176.11331
MN Swift,20.29789,198.05408
MN Todd,36.96667,184.25827
MN Traverse,1.8964422,219.45758
MN Wabasha,2.2247388,201.62321
MN Wadena,11.427225,211.96378
MN Waseca,16.422699,199.25334
MN Washington,68.210434,135.5109
MN Watonwan,74.26212,153.03186
MN Wilkin,45.64167,179.87866
MN Winona,71.06145,141.83104
MN Wright,22.587942,183.30777
MN Yellow Medicine,6.7277894,211.33113
MS Adams,153.48595,110.82348
MS Alcorn,13.281604,228.83044
MS Amite,64.46458,183.0301
MS Attala,140.86499,127.68657
MS Benton,41.971214,204.52754
MS Bolivar,181.37909,88.80057
MS Calhoun,82.8327,178.92781
MS Carroll,108.14209,148.74277
MS Chickasaw,132.92029,133.43047
MS Choctaw,56.118862,187.46748
MS Claiborne,227.98126,61.38162
MS Clarke,118.593346,143.58287
MS Clay,115.645294,134.2478
MS Coahoma,179.66812,91.84368
MS Copiah,127.677986,132.299
MS Covington,77.47506,183.59853
MS DeSoto,55.182766,166.77238
MS Forrest,118.45499,135.9766
MS Franklin,49.904575,195.74872
MS George,30.94416,216.28162
MS Greene,68.15818,175.77927
MS Grenada,114.048584,150.91376
MS Hancock,33.268475,203.26996
MS Harrison,75.30605,165.30276
MS Hinds,166.58018,86.00963
MS Holmes,264.24945,39.536674
MS Humphreys,203.37906,77.26777
MS Issaquena,162.33185,127.82018
MS Itawamba,40.611965,201.0787
MS Jackson,54.98152,181.77563
MS Jasper,100.36338,151.49591
MS Jeff Davis,139.32437,127.76885
MS Jefferson,132.19641,129.51308
MS Jones,96.57922,162.86716
MS Kemper,179.2598,90.46166
MS Lafayette,85.823586,139.9884
MS Lamar,47.04509,179.80058
MS Lauderdale,136.63416,124.67084
MS Lawrence,61.479954,185.97028
MS Leake,142.45576,131.7379
MS Lee,59.283722,182.85097
MS Leflore,231.13602,57.981026
MS Lincoln,100.08043,158.38676
MS Lowndes,94.720276,147.26764
MS Madison,99.488556,128.20488
MS Marion,86.686905,177.86479
MS Marshall,67.25335,175.02373
MS Monroe,101.3893,149.27628
MS Montgomery,97.74372,168.30287
MS Neshoba,183.79646,105.18662
MS Newton,83.311554,175.07237
MS Noxubee,202.14804,72.40463
MS Oktibbeha,125.93079,103.33008
MS Panola,92.72505,160.48105
MS Pearl River,56.085777,190.42242
MS Perry,50.66038,202.75311
MS Pike,128.7957,131.65694
MS Pontotoc,62.751305,185.18886
MS Prentiss,31.685034,214.67001
MS Quitman,138.73524,133.22368
MS Rankin,46.138508,176.53886
MS Scott,153.39435,120.38314
MS Sharkey,160.01166,112.08446
MS Simpson,91.2378,167.89525
MS Smith,71.10174,176.41415
MS Stone,39.470394,201.09305
MS Sunflower,182.58487,90.95488
MS Tallahatchie,146.7576,118.488495
MS Tate,90.565834,154.72272
MS Tippah,62.196095,191.27623
MS Tishomingo,30.629213,219.95268
MS Tunica,190.48921,77.819084
MS Union,52.602,190.50983
MS Walthall,106.345985,151.863
MS Warren,105.94227,149.66515
MS Washington,173.39307,98.81309
MS Wayne,108.84222,153.27695
MS Webster,84.53408,171.54388
MS Wilkinson,178.47122,99.41027
MS Winston,107.659454,148.39221
MS Yalobusha,93.89108,164.15175
MS Yazoo,146.2743,130.00302
MO Adair,26.55738,196.67532
MO Andrew,2.5557003,211.51233
MO Atchison,1.0503691e-7,218.68224
MO Audrain,15.047343,217.89568
MO Barry,24.165224,210.51605
MO Barton,0.0007818021,234.0128
MO Bates,8.454335,222.6172
MO Benton,1.8561084,233.82698
MO Bollinger,0.046156034,229.6508
MO Boone,80.72634,132.35065
MO Buchanan,50.818565,189.16037
MO Butler,6.0073233,241.8346
MO Caldwell,5.661319,225.69296
MO Callaway,12.022144,210.95981
MO Camden,18.87112,211.00122
MO Cape Girardeau,20.520866,203.51135
MO Carroll,0.07488435,230.32869
MO Carter,17.741508,229.45631
MO Cass,20.795193,199.41885
MO Cedar,1.0738758e-5,236.51244
MO Chariton,2.5529436e-5,222.0395
MO Christian,1.9734558,211.78207
MO Clark,5.3983204e-6,228.57901
MO Clay,40.471607,175.4061
MO Clinton,0.051627688,225.48962
MO Cole,28.694206,193.15305
MO Cooper,5.9913015,219.0808
MO Crawford,0.1383417,239.49515
MO Dade,1.612325e-5,234.0733
MO Dallas,3.8661318,228.61147
MO Daviess,0.0013925622,225.39838
MO De Kalb,8.520072,219.73021
MO Dent,9.591193e-7,239.22723
MO Douglas,3.3024325,229.4292
MO Dunklin,44.35054,221.37859
MO Franklin,23.405088,200.44801
MO Gasconade,0.75731426,227.44849
MO Gentry,86.02273,159.26384
MO Greene,50.128693,177.02982
MO Grundy,6.3967385,222.81909
MO Harrison,7.68566,224.84218
MO Henry,12.658352,221.5941
MO Hickory,1.46853645e-5,238.79968
MO Holt,2.0092976e-7,225.93964
MO Howard,1.7282552,219.06284
MO Howell,0.2924202,234.85626
MO Iron,1.6358897e-5,247.65337
MO Jackson,121.56463,116.763535
MO Jasper,38.33407,197.20737
MO Jefferson,21.276066,207.23558
MO Johnson,24.209398,195.14087
MO Knox,3.935973e-6,232.21133
MO Laclede,1.7169064,235.90506
MO Lafayette,11.766254,217.21706
MO Lawrence,7.0747175,231.72089
MO Lewis,20.161667,210.61856
MO Lincoln,4.5187635,219.26083
MO Linn,9.105872,218.52539
MO Livingston,1.0896684,224.4766
MO Macon,36.366096,208.90121
MO Madison,0.00037355814,228.80237
MO Maries,0.00011706249,236.47269
MO Marion,4.6704955,224.58984
MO McDonald,58.843025,182.71223
MO Mercer,4.05587e-6,220.56192
MO Miller,0.038101636,229.53278
MO Mississippi,59.170307,197.85416
MO Moniteau,22.645573,200.23723
MO Monroe,9.7249096e-5,228.4753
MO Montgomery,0.07028854,233.75421
MO Morgan,0.31188434,236.22137
MO New Madrid,36.626083,213.76445
MO Newton,21.950315,208.51704
MO Nodaway,14.305174,199.02411
MO Oregon,1.1125037e-6,235.8566
MO Osage,0.0032685632,212.69647
MO Ozark,7.080654e-8,237.45045
MO Pemiscot,79.75218,188.14163
MO Perry,14.218675,213.83113
MO Pettis,27.705967,205.34409
MO Phelps,9.09419,218.66962
MO Pike,11.789635,219.58728
MO Platte,44.73832,165.94453
MO Polk,0.50293404,230.7671
MO Pulaski,44.94481,180.07709
MO Putnam,0.2351261,226.92278
MO Ralls,6.485192e-6,217.48026
MO Randolph,4.172323,227.77235
MO Ray,0.033314973,225.85936
MO Reynolds,1.4471025e-5,243.9362
MO Ripley,9.877519e-5,243.7438
MO Saline,71.5526,147.88892
MO Schuyler,8.0069543e-7,238.66904
MO Scotland,21.154358,212.43192
MO Scott,45.688858,205.78128
MO Shannon,57.346825,171.84421
MO Shelby,0.5502182,235.85265
MO St. Charles,30.415556,195.14401
MO St. Clair,0.8397285,228.24556
MO St. Francois,23.079174,214.29077
MO St. Louis,82.94121,157.50578
MO St. Louis City,145.8152,107.48103
MO Ste. Genevieve,7.108284,226.74438
MO Stoddard,20.747112,209.54721
MO Stone,20.441751,212.95755
MO Sullivan,49.705307,191.36447
MO Taney,16.274403,221.5865
MO Texas,0.0007580919,233.6648
MO Vernon,0.558599,226.68672
MO Warren,3.1298158,242.64125
MO Washington,6.8227596,237.97379
MO Wayne,1.2675586,233.51247
MO Webster,0.7857311,216.23756
MO Worth,0.2067274,241.84024
MO Wright,74.02286,170.92915
MT Beaverhead,6.105634,197.31432
MT Big Horn,145.25955,105.822876
MT Blaine,67.79051,166.04318
MT Broadwater,5.2690266e-5,204.35207
MT Carbon,4.694123,197.252
MT Carter,8.1563756e-10,214.14024
MT Cascade,17.702295,196.6122
MT Chouteau,3.319545,215.80313
MT Custer,4.6191964,215.00073
MT Daniels,2.4813336e-9,212.9148
MT Dawson,0.007231974,212.22702
MT Deer Lodge,9.053307,212.94197
MT Fallon,1.2191801e-9,207.25427
MT Fergus,0.0050711883,210.19006
MT Flathead,8.3330345,196.50237
MT Gallatin,37.868412,153.15352
MT Garfield,4.239845e-7,209.29567
MT Glacier,103.42774,134.84276
MT Golden Valley,4.4496827,208.09937
MT Granite,1.9261159e-5,205.443
MT Hill,38.06685,193.15576
MT Jefferson,0.0079749925,198.35074
MT Judith Basin,3.057884e-6,200.48007
MT Lake,27.964731,195.66779
MT Lewis & Clark,14.526356,188.99496
MT Liberty,11.897437,210.99953
MT Lincoln,11.598346,207.66978
MT Madison,30.663551,187.31538
MT McCone,0.0038738237,210.28343
MT Meagher,3.177478e-5,212.71564
MT Mineral,2.1602589e-6,229.03108
MT Missoula,42.70396,159.00891
MT Musselshell,9.397682,213.60063
MT Park,7.960434,194.21335
MT Petroleum,4.6294746e-10,207.54684
MT Phillips,0.053371493,220.40627
MT Pondera,1.5562072,218.73404
MT Powder River,2.5198895e-8,208.80153
MT Powell,0.022559918,212.72134
MT Prairie,1.845022e-9,214.20256
MT Ravalli,2.3581834,207.30737
MT Richland,3.4579873,212.53302
MT Roosevelt,89.772995,162.59987
MT Rosebud,36.15445,191.88799
MT Sanders,9.546384e-5,217.65143
MT Sheridan,3.6010984e-5,217.5597
MT Silver Bow,29.229618,189.75758
MT Stillwater,3.6564324,201.11359
MT Sweet Grass,14.215038,193.57442
MT Teton,0.0021872646,207.88184
MT Toole,141.72682,114.88608
MT Treasure,1.5541627e-6,209.6044
MT Valley,0.0036986605,211.59943
MT Wheatland,0.06289123,217.4059
MT Wibaux,0.01590065,224.55356
MT Yellowstone,32.459488,182.03886
NE Adams,59.08858,164.58258
NE Antelope,7.121913,203.30495
NE Arthur,0.000602868,200.44223
NE Banner,1.9407746e-5,206.8922
NE Blaine,3.7401705e-8,210.83147
NE Boone,3.4801684e-5,205.7226
NE Box Butte,12.274064,206.69284
NE Boyd,7.873068e-8,212.72954
NE Brown,5.806445e-9,214.79285
NE Buffalo,24.914608,183.92366
NE Burt,0.01705975,218.16731
NE Butler,2.9558818,206.90103
NE Cass,4.091509,201.80658
NE Cedar,3.943501e-6,204.60825
NE Chase,14.286985,200.75943
NE Cherry,0.8711682,210.29921
NE Cheyenne,0.012581811,208.00452
NE Clay,1.9188325,216.3709
NE Colfax,172.66039,76.83778
NE Cuming,4.008654,209.2057
NE Custer,52.397114,171.39459
NE Dakota,246.57915,37.022034
NE Dawes,10.498722,197.79521
NE Dawson,146.78827,103.259155
NE Deuel,2.222741e-6,216.2609
NE Dixon,37.761505,184.19072
NE Dodge,57.867813,174.14687
NE Douglas,111.26634,115.73918
NE Dundy,0.07213916,220.14978
NE Fillmore,30.775852,186.74126
NE Franklin,2.6067124e-5,216.6238
NE Frontier,3.784467e-8,207.92116
NE Furnas,15.2540655,208.49994
NE Gage,27.248379,187.66306
NE Garden,6.235861e-7,218.22313
NE Garfield,2.720823e-9,215.80836
NE Gosper,2.5763948,209.38016
NE Grant,1.0349165e-10,203.5549
NE Greeley,0.00010012531,209.24165
NE Hall,161.53868,89.29127
NE Hamilton,128.37914,110.41364
NE Harlan,3.7982866e-9,218.32582
NE Hayes,1.8757559e-6,203.61516
NE Hitchcock,6.5811143e-9,218.2674
NE Holt,2.5943198e-5,210.28952
NE Hooker,2.8294048e-6,209.70544
NE Howard,59.018715,160.12263
NE Jefferson,0.0022454115,219.38754
NE Johnson,10.665594,213.46979
NE Kearney,0.2757439,212.71112
NE Keith,0.00049673824,213.59752
NE Keya Paha,1.07157984e-10,207.80307
NE Kimball,0.9161855,224.32852
NE Knox,0.18489753,218.61334
NE Lancaster,72.400314,140.1401
NE Lincoln,13.799346,200.85359
NE Logan,0.00984693,212.01245
NE Loup,2.0730849e-10,207.83897
NE Madison,39.862373,162.53577
NE McPherson,31.121672,194.41579
NE Merrick,4.234751,209.9375
NE Morrill,13.172195,209.62448
NE Nance,1.3184377e-5,213.86232
NE Nemaha,0.051451877,210.08603
NE Nuckolls,1.2101514e-6,218.46065
NE Otoe,2.4076107,209.94337
NE Pawnee,2.690357,217.03201
NE Perkins,41.73043,180.34372
NE Phelps,0.07829845,212.11072
NE Pierce,1.1619871,206.17146
NE Platte,62.20477,155.50014
NE Polk,2.6802423,209.29138
NE Red Willow,0.0003914806,211.38397
NE Richardson,8.358261,211.03423
NE Rock,3.503333e-9,209.69487
NE Saline,106.565674,128.64539
NE Sarpy,51.826553,151.43254
NE Saunders,9.158846,198.19682
NE Scotts Bluff,30.848612,189.39055
NE Seward,17.577126,188.14305
NE Sheridan,0.01806894,224.96101
NE Sherman,3.15922,210.4539
NE Sioux,0.001934495,196.24121
NE Stanton,0.8156883,202.86295
NE Thayer,2.0681154e-7,216.72942
NE Thomas,2.2410628e-5,206.42659
NE Thurston,122.828865,128.93011
NE Valley,0.00027694675,211.8138
NE Washington,12.823045,192.4829
NE Wayne,9.622322,190.07277
NE Webster,0.00042435405,216.7037
NE Wheeler,8.10548e-11,204.42682
NE York,1.5316952,210.30658
NV Carson City,62.892136,164.2289
NV Churchill,121.61698,121.189156
NV Clark,102.54036,113.58315
NV Douglas,48.202824,174.20055
NV Elko,66.48804,168.5307
NV Esmeralda,20.768366,197.3105
NV Eureka,39.661938,186.56294
NV Humboldt,103.934364,133.07823
NV Lander,51.483635,172.48921
NV Lincoln,22.691633,205.41403
NV Lyon,41.55261,196.4919
NV Mineral,40.305367,204.5898
NV Nye,69.21378,162.34618
NV Pershing,27.11537,185.38916
NV Storey,74.08356,159.20741
NV Washoe,84.65942,139.98267
NV White Pine,50.10925,184.11461
NH Belknap,10.388077,200.81227
NH Carroll,7.6481833,203.7699
NH Cheshire,34.95746,173.41618
NH Coos,9.439811,213.09872
NH Grafton,44.106564,161.07364
NH Hillsborough,115.2607,108.403076
NH Merrimack,53.526604,157.82507
NH Rockingham,71.674934,139.40158
NH Strafford,64.169945,148.20026
NH Sullivan,14.413849,196.43147
NJ Atlantic,184.08833,67.51823
NJ Bergen,249.27583,7.983005e-12
NJ Burlington,166.13301,65.70003
NJ Camden,212.88284,37.116688
NJ Cape May,103.65629,133.18265
NJ Cumberland,199.95505,67.83887
NJ Essex,286.33377,6.432553e-14
NJ Gloucester,121.52803,107.30173
NJ Hudson,266.12134,6.432553e-14
NJ Hunterdon,127.63669,93.738434
NJ Mercer,255.43996,0.0067766216
NJ Middlesex,247.47575,7.1481185e-7
NJ Monmouth,188.66736,47.080578
NJ Morris,204.7536,30.105797
NJ Ocean,156.51665,87.99384
NJ Passaic,276.71243,4.5559785e-13
NJ Salem,134.95248,112.7996
NJ Somerset,232.43182,2.0576622
NJ Sussex,131.89418,97.63353
NJ Union,272.9071,6.432553e-14
NJ Warren,155.90672,83.06736
NM Bernalillo,146.02142,80.39274
NM Catron,57.15301,181.7977
NM Chaves,101.71415,140.7691
NM Cibola,153.30885,100.08297
NM Colfax,49.22487,187.34802
NM Curry,78.29561,156.76585
NM De Baca,23.211447,216.27618
NM Dona Ana,144.5108,84.167694
NM Eddy,62.496414,174.41135
NM Grant,57.88053,172.22742
NM Guadalupe,132.37218,115.65338
NM Harding,23.163454,203.12814
NM Hidalgo,100.43881,140.4915
NM Lea,109.72343,132.98509
NM Lincoln,37.42453,189.9181
NM Los Alamos,54.066814,148.65503
NM Luna,123.99923,121.60368
NM McKinley,275.2782,14.259214
NM Mora,80.905716,152.63312
NM Otero,72.328224,156.62767
NM Quay,57.27979,185.98056
NM Rio Arriba,112.72519,103.6061
NM Roosevelt,70.2536,162.30121
NM San Juan,145.70192,92.749725
NM San Miguel,149.67792,95.30241
NM Sandoval,117.603775,115.42859
NM Santa Fe,123.46477,91.80422
NM Sierra,21.761501,227.8815
NM Socorro,110.586494,131.93332
NM Taos,103.8601,115.70107
NM Torrance,51.49852,185.38368
NM Union,53.797115,182.79247
NM Valencia,85.99002,147.58745
NY Albany,160.55243,64.57247
NY Allegany,32.65173,187.69946
NY Broome,199.51521,54.773426
NY Cattarau,61.705807,161.4952
NY Cayuga,47.263706,177.14645
NY Chautauq,45.831825,176.52104
NY Chemung,55.196514,173.50543
NY Chenango,60.716824,163.65898
NY Clinton,44.748222,174.7439
NY Columbia,124.847145,108.21877
NY Cortland,47.310963,166.60854
NY Delaware,39.514587,177.97499
NY Dutchess,119.60042,105.04967
NY Erie,146.93517,85.175224
NY Essex,91.63885,133.29237
NY Franklin,40.831722,173.97066
NY Fulton,77.4314,152.42542
NY Genese,35.64124,190.81729
NY Greene,67.673386,152.26845
NY Hamilton,49.121193,181.18706
NY Herkimer,31.508177,189.49274
NY Jefferson,51.36742,165.69571
NY Lewis,65.62366,159.22006
NY Livingston,165.44821,68.10384
NY Madison,47.590008,169.3304
NY Monroe,106.345566,116.02353
NY Montgomery,45.10961,169.92941
NY Nassau,260.133,8.7561326e-5
NY Niagara,83.61586,152.2676
NY Oneida,130.16649,90.59325
NY Onondaga,199.88872,30.8073
NY Ontario,67.905975,153.25249
NY Orange,190.37245,56.537968
NY Orleans,141.04272,96.68414
NY Oswego,38.532185,172.84753
NY Otsego,93.64568,127.477806
NY Putnam,133.26521,105.35103
NY Rensselaer,85.27846,143.59431
NY Rockland,231.79219,17.578978
NY Saratoga,68.85163,133.49152
NY Schenectady,198.15298,37.794994
NY Schoharie,48.679974,169.42296
NY Schuyler,96.29467,122.44127
NY Seneca,122.93135,96.88547
NY St. Lawrence,53.957954,169.6677
NY Steuben,71.77342,138.57164
NY Suffolk,207.7766,41.85833
NY Sullivan,107.83797,119.59668
NY Tioga,62.94824,159.35625
NY Tompkins,104.14139,116.203896
NY Ulster,108.38243,118.175766
NY Warren,138.1825,91.151924
NY Washington,94.05729,137.79353
NY Wayne,24.839355,186.78867
NY Westchester,252.30516,1.714354e-11
NY Wyoming,60.2563,157.97891
NY Yates,60.281788,152.83795
NY Bronx,284.97696,6.432553e-14
NY Kings,267.97733,3.7252077e-9
NY New York,269.846,6.432553e-14
NY Queens,274.8363,4.2853976e-12
NY Richmond,241.59828,17.836676
NC Alamance,83.058105,153.8907
NC Alexander,12.896832,217.75153
NC Alleghany,11.029442,226.50731
NC Anson,93.04645,157.49913
NC Ashe,7.245221,220.65324
NC Avery,7.7005296,223.01724
NC Beaufort,37.506714,196.57927
NC Bertie,110.14644,137.02896
NC Bladen,83.35571,168.38911
NC Brunswick,33.47371,192.30693
NC Buncombe,75.50698,144.85323
NC Burke,51.991295,191.11107
NC Cabarrus,70.0033,154.14844
NC Caldwell,24.837967,215.41342
NC Camden,19.666256,198.82742
NC Carteret,20.011818,205.85524
NC Caswell,53.091846,186.93298
NC Catawba,49.307858,184.7443
NC Chatham,116.901474,104.37394
NC Cherokee,15.149736,221.61212
NC Chowan,57.034164,180.93456
NC Clay,0.06910004,230.92616
NC Cleveland,42.03427,201.11043
NC Columbus,102.49195,154.97849
NC Craven,59.41588,174.5488
NC Cumberland,132.07426,109.298096
NC Currituck,1.9502369,215.38762
NC Dare,27.98865,191.64426
NC Davidson,36.398026,199.14438
NC Davie,28.556799,196.5308
NC Duplin,143.7357,110.593094
NC Durham,190.90779,37.02548
NC Edgecombe,136.81602,121.834496
NC Forsyth,111.35507,118.58339
NC Franklin,89.43776,142.74535
NC Gaston,51.71247,188.63277
NC Gates,42.29354,184.38818
NC Graham,0.0124736475,234.00128
NC Granville,100.81226,136.02818
NC Greene,106.44055,141.37692
NC Guilford,136.38202,93.191086
NC Halifax,115.77824,139.66353
NC Harnett,74.77244,157.6197
NC Haywood,16.593166,212.96681
NC Henderson,66.80956,164.21013
NC Hertford,140.05272,113.83844
NC Hoke,111.8396,126.87004
NC Hyde,65.67147,171.95177
NC Iredell,45.191956,181.45715
NC Jackson,48.134735,179.63243
NC Johnston,66.925644,158.51247
NC Jones,80.90675,166.84198
NC Lee,88.08142,149.78925
NC Lenoir,102.041306,154.10188
NC Lincoln,19.622742,208.21104
NC Macon,28.021072,217.56699
NC Madison,4.7469263,220.23302
NC Martin,56.479927,177.54073
NC Mcdowell,38.152714,203.25453
NC Mecklenburg,178.60146,47.935993
NC Mitchell,8.259204,223.28703
NC Montgomery,83.19869,161.39621
NC Moore,45.757492,177.2099
NC Nash,77.36326,160.40436
NC New Hanover,81.5936,134.76233
NC Northampton,136.41127,119.77606
NC Onslow,63.507877,164.16183
NC Orange,158.43239,55.371838
NC Pamlico,31.368435,201.722
NC Pasquotank,92.52579,141.8118
NC Pender,36.95598,187.1477
NC Perquimans,51.84787,182.14375
NC Person,35.168007,197.99449
NC Pitt,103.94447,126.87579
NC Polk,39.81473,192.42717
NC Randolph,45.792213,191.672
NC Richmond,80.50893,173.63011
NC Robeson,143.6356,123.40517
NC Rockingham,29.26394,208.22273
NC Rowan,73.87547,171.5664
NC Rutherford,34.46162,207.09174
NC Sampson,99.97187,151.38435
NC Scotland,104.59238,153.2264
NC Stanly,43.109943,195.66747
NC Stokes,4.1676216,221.32277
NC Surry,25.540064,211.6092
NC Swain,33.585716,207.79584
NC Transylvania,12.514666,209.45421
NC Tyrrell,85.417984,170.03027
NC Union,70.25277,145.42856
NC Vance,161.5689,104.86546
NC Wake,138.54762,73.723274
NC Warren,107.22999,138.44669
NC Washington,116.922646,138.18561
NC Watauga,60.4249,153.58948
NC Wayne,114.93976,130.76271
NC Wilkes,33.70726,207.7308
NC Wilson,117.91227,126.0197
NC Yadkin,30.160423,206.03242
NC Yancey,1.7314962,229.8652
ND Adams,1.0180903e-6,203.79437
ND Barnes,1.0608217,208.07692
ND Benson,90.636345,167.18619
ND Billings,0.0156203,213.72105
ND Bottineau,6.12945e-6,211.25754
ND Bowman,5.8335376e-5,209.54333
ND Burke,12.843605,202.94684
ND Burleigh,35.331482,172.15974
ND Cass,83.87081,122.59581
ND Cavalier,0.0006454332,209.86061
ND Dickey,0.0013441877,208.74974
ND Divide,4.8187663e-5,207.09879
ND Dunn,12.324885,205.10704
ND Eddy,1.8259755,224.76523
ND Emmons,50.213173,174.23466
ND Foster,1.2904544e-6,209.90527
ND Golden Valley,0.00053916883,216.04831
ND Grand Forks,56.505184,152.589
ND Grant,6.8391455e-5,214.36368
ND Griggs,8.436555,209.39314
ND Hettinger,1.1066572e-5,210.31087
ND Kidder,0.0011017461,210.65236
ND LaMoure,0.01514594,206.9661
ND Logan,3.9512003e-8,213.05821
ND McHenry,29.007929,186.41205
ND McIntosh,33.76276,187.98819
ND McKenzie,43.99241,177.11911
ND McLean,2.7999027,209.55786
ND Mercer,0.0022649989,210.61943
ND Morton,21.802881,190.48174
ND Mountrail,58.669964,169.53622
ND Nelson,0.00036625526,219.26662
ND Oliver,0.043817297,207.9869
ND Pembina,0.0016365172,206.7141
ND Pierce,1.49467405e-5,218.26161
ND Ramsey,25.206345,200.92734
ND Ransom,0.39405078,213.27272
ND Renville,2.5766354e-5,210.17824
ND Richland,18.52578,191.32602
ND Rolette,91.98518,156.79166
ND Sargent,0.042986024,205.28978
ND Sheridan,1.9921724e-7,214.24261
ND Sioux,142.61366,117.61696
ND Slope,2.5394254,205.38202
ND Stark,37.669323,175.61102
ND Steele,0.05068252,202.92099
ND Stutsman,20.653797,196.50468
ND Towner,0.14673308,220.51646
ND Traill,0.93067896,202.5784
ND Walsh,10.749442,207.06612
ND Ward,24.863773,184.06204
ND Wells,0.00022921653,214.44989
ND Williams,31.651806,189.8485
OH Adams,11.616655,228.90178
OH Allen,62.994347,175.01682
OH Ashland,6.747488,213.2761
OH Ashtabula,59.444847,180.84622
OH Athens,64.29672,162.9865
OH Auglaize,15.278338,198.10329
OH Belmont,39.67116,191.21301
OH Brown,5.915551,229.27252
OH Butler,54.537888,174.01378
OH Carroll,15.500608,209.46072
OH Champaign,8.740342,216.40945
OH Clark,42.337715,196.02757
OH Clermont,16.65132,204.48203
OH Clinton,13.472904,218.39006
OH Columbiana,61.65784,178.3169
OH Coshocton,21.755783,206.27052
OH Crawford,14.024274,216.58765
OH Cuyahoga,150.98534,89.88648
OH Darke,46.6064,182.57143
OH Defiance,18.052492,203.95654
OH Delaware,52.287235,148.62498
OH Erie,56.03957,174.9352
OH Fairfield,37.664177,184.45158
OH Fayette,18.231436,220.5999
OH Franklin,155.73064,80.082214
OH Fulton,3.1818595,219.15488
OH Gallia,9.555988,226.4894
OH Geauga,60.71157,152.2211
OH Greene,38.999832,173.3158
OH Guernsey,12.853477,219.08594
OH Hamilton,136.9609,105.417496
OH Hancock,16.562431,201.80771
OH Hardin,31.663338,197.28796
OH Harrison,2.9947803,227.57085
OH Henry,2.2937882,218.57878
OH Highland,7.432668,231.48547
OH Hocking,29.370796,205.48091
OH Holmes,55.36319,169.13887
OH Huron,17.45623,209.73006
OH Jackson,0.13830242,241.66243
OH Jefferson,9.970045,222.00682
OH Knox,15.050046,206.59732
OH Lake,36.915184,179.93547
OH Lawrence,6.260433,234.00589
OH Licking,37.723335,187.2388
OH Logan,4.312541,222.37679
OH Lorain,70.54914,156.78262
OH Lucas,153.29054,97.97791
OH Madison,41.792618,184.43434
OH Mahoning,122.090614,125.62536
OH Marion,141.112,122.720024
OH Medina,31.96249,176.1533
OH Meigs,0.83495224,238.98782
OH Mercer,27.117088,189.67686
OH Miami,46.102043,176.57356
OH Monroe,75.62127,170.85713
OH Montgomery,75.23526,161.61565
OH Morgan,0.00040486935,230.50014
OH Morrow,10.706075,213.8162
OH Muskingum,6.423801,226.47623
OH Noble,0.0013880039,226.37831
OH Ottawa,53.548164,177.93651
OH Paulding,0.06351227,221.46413
OH Perry,10.754229,221.45844
OH Pickaway,142.42111,114.99076
OH Pike,0.048977125,245.56505
OH Portage,63.794468,158.61078
OH Preble,7.676752,218.19968
OH Putnam,51.126415,166.2404
OH Richland,22.93855,208.02397
OH Ross,19.1577,220.2414
OH Sandusky,39.51478,191.59572
OH Scioto,15.307224,231.82176
OH Seneca,15.675195,210.06749
OH Shelby,11.602811,208.64006
OH Stark,61.957924,165.8285
OH Summit,89.80462,137.33733
OH Trumbull,60.289036,177.95416
OH Tuscarawas,21.24641,201.38507
OH Union,7.967771,206.9904
OH Van Wert,1.7177767,216.88747
OH Vinton,14.746265,230.02406
OH Warren,43.809494,166.58716
OH Washington,37.20876,193.72852
OH Wayne,63.26967,163.34537
OH Williams,10.309739,213.79126
OH Wood,79.62659,143.24158
OH Wyandot,33.578762,194.00688
OK Adair,74.11829,184.804
OK Alfalfa,0.029887736,229.38988
OK Atoka,3.2337353,239.13585
OK Beaver,24.862747,202.50354
OK Beckham,6.026168,235.94264
OK Blaine,13.957316,227.12633
OK Bryan,19.589308,216.68
OK Caddo,72.48913,186.87914
OK Canadian,24.548437,195.71062
OK Carter,20.820541,222.16673
OK Cherokee,37.489525,204.14723
OK Choctaw,22.625038,234.29234
OK Cimarron,0.06129772,235.96452
OK Cleveland,63.983776,161.51323
OK Coal,0.013809899,247.65459
OK Comanche,64.25956,171.64362
OK Cotton,40.94342,202.51147
OK Craig,4.5093613,239.35002
OK Creek,28.817604,211.83623
OK Custer,36.335728,197.33815
OK Delaware,62.620274,185.75055
OK Dewey,0.018341335,236.3497
OK Ellis,4.868209e-8,223.82335
OK Garfield,25.835709,209.6039
OK Garvin,16.042074,227.55862
OK Grady,14.853478,217.83397
OK Grant,1.2826226e-6,233.36272
OK Greer,132.99599,140.4187
OK Harmon,22.313395,224.31517
OK Harper,21.54656,208.50348
OK Haskell,22.62779,224.59819
OK Hughes,19.467318,229.40048
OK Jackson,53.862976,186.69928
OK Jefferson,0.0023056208,251.22368
OK Johnston,2.895934,244.1247
OK Kay,33.20802,211.73521
OK Kingfisher,12.100778,219.3193
OK Kiowa,10.238308,233.69653
OK Latimer,29.29769,215.1809
OK Leflore,10.937314,236.51321
OK Lincoln,15.919719,220.62555
OK Logan,14.994784,201.48767
OK Love,7.5057645,225.31316
OK Major,25.25041,207.51137
OK Marshall,30.129251,215.8127
OK Mayes,30.621363,218.78355
OK Mcclain,20.7087,206.56073
OK Mccurtain,59.854576,197.43245
OK Mcintosh,13.7448435,234.15672
OK Murray,2.8943112,241.37326
OK Muskogee,58.333168,195.57745
OK Noble,10.138831,215.71683
OK Nowata,15.142969,223.61531
OK Okfuskee,20.200415,233.2406
OK Oklahoma,106.05078,135.05786
OK Okmulgee,20.431053,224.25244
OK Osage,46.970455,187.74046
OK Ottawa,32.341263,220.5286
OK Pawnee,26.636234,212.74304
OK Payne,55.228416,165.22166
OK Pittsburg,23.376808,223.00711
OK Pontotoc,20.535635,214.8287
OK Pottawatomie,25.73436,215.44682
OK Pushmataha,1.3950104,250.76193
OK Roger Mills,1.0551034,228.95819
OK Rogers,25.198708,200.12344
OK Seminole,32.40435,220.94617
OK Sequoyah,31.414202,220.2893
OK Stephens,10.654575,226.92325
OK Texas,148.31311,106.30047
OK Tillman,55.404324,192.3157
OK Tulsa,86.67462,150.9882
OK Wagoner,43.99525,188.04231
OK Washington,80.95812,162.71257
OK Washita,0.0005436525,231.83482
OK Woods,0.5120221,223.3735
OK Woodward,0.95541817,232.28696
OR Baker,16.743158,215.58153
OR Benton,105.8746,102.12507
OR Clackamas,74.84894,137.9544
OR Clatsop,43.446304,181.29674
OR Columbia,26.161829,196.52283
OR Coos,21.98309,216.24164
OR Crook,16.36666,212.07861
OR Curry,16.052845,217.55103
OR Deschutes,56.210922,152.66626
OR Douglas,19.548946,214.29385
OR Gilliam,12.09109,220.33527
OR Grant,9.554919,219.47176
OR Harney,12.511471,216.46489
OR Hood River,113.99096,101.58185
OR Jackson,52.3529,174.73953
OR Jefferson,63.78768,175.98201
OR Josephine,32.447838,202.76128
OR Klamath,30.048515,203.30067
OR Lake,16.40004,213.23404
OR Lane,84.08818,141.15062
OR Lincoln,57.150715,176.99435
OR Linn,38.675888,192.02762
OR Malheur,98.47389,151.98079
OR Marion,119.49182,115.41314
OR Morrow,97.15707,141.61008
OR Multnomah,175.40787,50.10734
OR Polk,70.25084,149.25945
OR Sherman,12.433106,215.07309
OR Tillamook,30.876522,197.19682
OR Umatilla,94.04442,150.32347
OR Union,49.404285,183.6147
OR Wallowa,24.150848,204.22617
OR Wasco,56.797127,177.14789
OR Washington,133.0263,76.593
OR Wheeler,9.542331,220.44887
OR Yamhill,68.54314,154.10243
PA Adams,30.983852,185.78003
PA Allegheny,123.181114,104.74859
PA Armstrong,10.672511,215.02348
PA Beaver,78.816696,153.75798
PA Bedford,7.1873913,214.90869
PA Berks,140.87767,102.35955
PA Blair,6.8564444,218.83745
PA Bradford,11.578389,211.75623
PA Bucks,134.69508,93.257256
PA Butler,18.049494,197.50581
PA Cambria,18.376415,210.52136
PA Cameron,5.51279e-5,233.67636
PA Carbon,52.51885,178.73586
PA Centre,95.16668,113.853676
PA Chester,137.90698,81.33589
PA Clarion,10.696974,214.6897
PA Clearfield,3.0871427,223.19402
PA Clinton,17.656279,204.9383
PA Columbia,67.413574,157.93692
PA Crawford,3.4167032,221.94516
PA Cumberland,61.4085,153.6039
PA Dauphin,130.6651,102.76491
PA Delaware,199.60321,48.916103
PA Elk,2.6988404,219.40121
PA Erie,61.1662,170.15266
PA Fayette,14.521402,222.3077
PA Forest,13.659802,230.2633
PA Franklin,49.981422,176.0724
PA Fulton,6.9100237,213.9563
PA Greene,10.606047,221.02875
PA Huntingdon,24.48665,202.0338
PA Indiana,27.892673,194.93826
PA Jefferson,1.544021,225.68773
PA Juniata,33.05104,190.16283
PA Lackawanna,124.0298,115.97297
PA Lancaster,116.4859,114.57767
PA Lawrence,27.475237,205.3458
PA Lebanon,67.2544,160.40538
PA Lehigh,143.79567,94.24532
PA Luzerne,103.47519,136.39578
PA Lycoming,32.469143,193.33936
PA Mckean,3.241163,227.38542
PA Mercer,22.11879,208.20276
PA Mifflin,11.941354,216.52214
PA Monroe,120.77721,113.9236
PA Montgomery,177.70395,54.957523
PA Montour,37.58624,187.18777
PA Northampton,130.9219,101.78992
PA Northumberland,29.8589,199.64542
PA Perry,14.695381,203.0138
PA Philadelphia,278.41714,0.08731761
PA Pike,70.59944,151.97165
PA Potter,0.00020863143,225.48227
PA Schuylkill,39.5529,192.08632
PA Snyder,13.278293,200.75456
PA Somerset,5.4093337,220.81537
PA Sullivan,0.0135270255,228.1941
PA Susquehanna,51.853092,179.63083
PA Tioga,8.230316,211.48515
PA Union,42.151085,170.95432
PA Venango,0.094477914,228.34068
PA Warren,1.1978714,219.69888
PA Washington,19.568897,200.40347
PA Wayne,25.915445,200.55865
PA Westmoreland,29.07805,191.75261
PA Wyoming,27.277252,194.03162
PA York,50.460957,173.4513
RI Bristol,84.15569,131.37155
RI Washington,100.15893,121.98212
RI Providence,175.53851,55.401012
RI Kent,146.24405,93.84661
RI Newport,74.61026,135.7704
SC Abbeville,56.55449,185.43103
SC Aiken,59.649956,169.52446
SC Allendale,172.90547,97.85015
SC Anderson,52.64016,183.09233
SC Bamberg,161.33925,101.41717
SC Barnwell,95.121895,164.97678
SC Beaufort,95.984955,121.23335
SC Berkeley,83.107796,142.16066
SC Calhoun,90.470985,149.13623
SC Charleston,135.06932,86.51965
SC Cherokee,47.25264,195.276
SC Chester,70.61324,172.30809
SC Chesterfield,92.383804,154.66705
SC Clarendon,178.93997,89.45363
SC Colleton,111.52362,139.06706
SC Darlington,107.18269,144.84268
SC Dillon,134.50665,125.97563
SC Dorchester,78.27371,142.1904
SC Edgefield,77.85365,151.14223
SC Fairfield,156.59305,96.48932
SC Florence,123.351814,122.883514
SC Georgetown,76.44286,158.31529
SC Greenville,97.21756,129.27968
SC Greenwood,92.776855,152.35146
SC Hampton,121.91316,124.13556
SC Horry,82.36233,152.93199
SC Jasper,147.8395,93.42386
SC Kershaw,69.421906,160.6315
SC Lancaster,57.468708,173.6975
SC Laurens,74.526985,173.20265
SC Lee,188.28876,85.22811
SC Lexington,70.73869,154.85268
SC Marion,100.58476,144.098
SC Marlboro,120.89649,132.86143
SC McCormick,112.12942,151.1094
SC Newberry,66.27532,174.42569
SC Oconee,25.525272,206.25867
SC Orangeburg,144.57698,109.089516
SC Pickens,37.278244,192.11322
SC Richland,183.04855,50.469955
SC Saluda,91.79835,146.73363
SC Spartanburg,74.96382,163.01643
SC Sumter,128.38612,118.99225
SC Union,55.134796,191.8986
SC Williamsburg,172.83301,95.53707
SC York,63.426964,156.16452
SD Aurora,33.783646,186.81218
SD Beadle,105.44475,131.8297
SD Bennett,91.75306,151.01665
SD Bon Homme,10.576981,197.3209
SD Brookings,43.810684,158.19499
SD Brown,40.74836,173.34055
SD Brule,6.308381,211.07414
SD Buffalo,218.77988,72.76039
SD Butte,4.583777,211.23595
SD Campbell,7.8255086e-10,206.02808
SD Charles Mix,29.942966,198.58803
SD Clark,1.8083405,212.37549
SD Clay,85.24403,125.92213
SD Codington,4.710926,205.54504
SD Corson,110.99169,138.765
SD Custer,2.1717124,204.6595
SD Davison,21.633026,188.33168
SD Day,2.5221243,215.0308
SD Deuel,0.017378297,207.59222
SD Dewey,105.40238,145.71626
SD Douglas,0.0005122793,210.10478
SD Edmunds,0.0022848425,204.57535
SD Fall River,7.558539,217.32408
SD Faulk,41.939,177.50551
SD Grant,0.004710377,213.53055
SD Gregory,0.0005425931,218.18645
SD Haakon,7.0558474e-7,217.61551
SD Hamlin,5.9123015,202.84964
SD Hand,0.00013718987,203.9252
SD Hanson,0.2698943,199.13791
SD Harding,0.00011064744,205.8332
SD Hughes,49.408848,170.67247
SD Hutchinson,2.2351813,204.85269
SD Hyde,0.7233271,216.78535
SD Jackson,97.22599,151.73132
SD Jerauld,101.83781,131.18393
SD Jones,5.2721266e-8,209.01547
SD Kingsbury,6.249456e-5,207.56259
SD Lake,29.424818,179.27994
SD Lawrence,14.219454,192.42793
SD Lincoln,35.888714,157.56773
SD Lyman,83.14886,152.73317
SD Marshall,14.081615,197.88737
SD McCook,36.867504,179.92006
SD McPherson,3.6479259,216.54791
SD Meade,6.0829587,200.65904
SD Mellette,87.589714,156.21054
SD Miner,0.086922646,208.69032
SD Minnehaha,99.915535,123.58047
SD Moody,18.616327,198.67589
SD Oglala Lakota,221.92126,55.17408
SD Pennington,49.02009,163.95946
SD Perkins,3.2934902e-6,214.1978
SD Potter,2.8876804e-7,210.90735
SD Roberts,45.93792,185.22224
SD Sanborn,2.9761808,203.8559
SD Spink,0.3238988,211.4657
SD Stanley,5.8134055,203.51004
SD Sully,4.4366865e-5,203.9896
SD Todd,169.50307,95.89198
SD Tripp,0.1320122,215.60591
SD Turner,1.3866777,209.76106
SD Union,38.38471,165.39743
SD Walworth,5.001369,214.74467
SD Yankton,32.488018,180.60922
SD Ziebach,137.19391,110.611084
TN Anderson,22.554287,214.48734
TN Bedford,53.312,191.9363
TN Benton,16.710419,234.6462
TN Bledsoe,119.41365,152.7395
TN Blount,19.458458,205.92447
TN Bradley,31.776194,206.40413
TN Campbell,7.945319,242.04553
TN Cannon,0.19120316,235.84676
TN Carroll,19.53177,224.99686
TN Carter,12.184309,225.65135
TN Cheatham,17.893711,213.30664
TN Chester,17.50475,217.2892
TN Claiborne,0.7554333,241.07521
TN Clay,0.06573714,244.22914
TN Cocke,8.889767,237.15686
TN Coffee,10.450556,227.15076
TN Crockett,53.111744,195.57198
TN Cumberland,12.005039,226.09804
TN Davidson,165.7352,77.16201
TN Decatur,8.799914,232.61398
TN DeKalb,19.635855,221.53606
TN Dickson,18.410986,217.01544
TN Dyer,37.58676,209.19907
TN Fayette,43.629776,180.93701
TN Fentress,1.7564582e-5,241.87639
TN Franklin,16.070303,215.1564
TN Gibson,26.89604,217.79767
TN Giles,25.82503,215.8783
TN Grainger,0.40329465,238.89224
TN Greene,11.300321,227.43416
TN Grundy,32.038204,229.43471
TN Hamblen,40.27488,202.91425
TN Hamilton,79.12907,152.04768
TN Hancock,5.5431457,248.60886
TN Hardeman,96.94238,160.52808
TN Hardin,30.965305,217.78784
TN Hawkins,10.705873,230.15674
TN Haywood,111.34146,143.1316
TN Henderson,15.396756,229.27472
TN Henry,7.0235434,233.49684
TN Hickman,10.429048,229.01599
TN Houston,0.058132716,242.2513
TN Humphreys,14.189808,222.92789
TN Jackson,0.8318107,247.4081
TN Jefferson,11.298973,224.2187
TN Johnson,2.6060994,242.85722
TN Knox,64.06854,163.10545
TN Lake,177.50055,121.00778
TN Lauderdale,83.41133,178.47073
TN Lawrence,16.053198,227.28311
TN Lewis,5.349727,233.8201
TN Lincoln,6.113513,234.54729
TN Loudon,18.254932,210.64346
TN Macon,55.34918,192.1791
TN Madison,45.4488,197.99557
TN Marion,21.744347,223.79663
TN Marshall,29.599321,205.18459
TN Maury,16.506296,217.43024
TN McMinn,46.143814,198.37144
TN McNairy,24.93537,210.79597
TN Meigs,3.8496614,242.91425
TN Monroe,19.232069,223.18164
TN Montgomery,61.100323,170.4085
TN Moore,1.8356346e-5,227.93546
TN Morgan,8.674396,234.08139
TN Obion,27.361174,220.52542
TN Overton,3.417334,231.24997
TN Perry,7.55134,240.70009
TN Pickett,12.177699,228.032
TN Polk,13.726953,227.2518
TN Putnam,46.20912,190.95702
TN Rhea,21.839033,226.7951
TN Roane,2.2387652,232.02148
TN Robertson,46.7823,191.31514
TN Rutherford,69.62054,154.22586
TN Scott,9.507127,238.10086
TN Sequatchie,0.8008953,238.48642
TN Sevier,30.283367,207.98943
TN Shelby,186.27298,65.00683
TN Smith,23.80508,216.47107
TN Stewart,0.0006852934,239.03297
TN Sullivan,9.9441395,225.3573
TN Sumner,58.97279,170.48755
TN Tipton,45.163574,192.22623
TN Trousdale,275.3305,52.08952
TN Unicoi,2.8148062,244.1759
TN Union,1.4178424,242.17921
TN Van Buren,8.357914e-6,238.99028
TN Warren,21.825132,224.07649
TN Washington,18.461597,211.13333
TN Wayne,27.208548,222.14299
TN Weakley,20.565048,214.05536
TN White,11.11398,230.3236
TN Williamson,54.00914,150.71503
TN Wilson,41.464592,180.90785
TX Anderson,80.864555,176.94617
TX Andrews,99.977356,139.34515
TX Angelina,97.678825,158.77808
TX Aransas,47.786705,200.35207
TX Archer,0.00025650163,217.94588
TX Armstrong,0.2977535,224.87976
TX Atascosa,110.91639,124.81651
TX Austin,61.65328,168.44728
TX Bailey,121.11641,126.892715
TX Bandera,13.8888645,213.47337
TX Bastrop,97.02519,134.28738
TX Baylor,1.0479704e-6,230.73299
TX Bee,128.2375,119.66715
TX Bell,104.09083,128.79596
TX Bexar,195.31871,46.016376
TX Blanco,36.120678,190.60852
TX Borden,1.4664112e-6,219.0704
TX Bosque,15.234044,220.56642
TX Bowie,58.983524,184.782
TX Brazoria,106.838875,122.65079
TX Brazos,124.8045,95.96187
TX Brewster,93.312874,125.49594
TX Briscoe,63.09882,179.44405
TX Brooks,211.37976,59.181736
TX Brown,46.880207,195.67273
TX Burleson,49.935318,182.7547
TX Burnet,33.429382,198.1468
TX Caldwell,135.66486,108.66513
TX Calhoun,108.05822,134.87675
TX Callahan,12.112605,217.0767
TX Cameron,229.7001,19.168896
TX Camp,73.493675,172.91296
TX Carson,1.5268526e-5,222.12582
TX Cass,19.965006,216.88174
TX Castro,127.07205,114.4129
TX Chambers,51.40255,179.12581
TX Cherokee,70.60553,177.15993
TX Childress,23.576557,207.99997
TX Clay,3.4380193,221.44836
TX Cochran,95.47978,152.06715
TX Coke,36.54005,208.28357
TX Coleman,5.207951,232.73288
TX Collin,114.74385,94.03894
TX Collingsworth,47.180096,199.88548
TX Colorado,59.66661,175.82196
TX Comal,58.867023,159.74226
TX Comanche,44.84623,194.90512
TX Concho,83.52893,152.59503
TX Cooke,22.551361,208.8889
TX Coryell,60.168842,167.47209
TX Cottle,120.93733,143.02333
TX Crane,143.66142,105.17524
TX Crockett,135.33917,118.53736
TX Crosby,102.85435,145.69496
TX Culberson,151.31525,101.21855
TX Dallam,101.58299,155.13725
TX Dallas,221.83392,28.720808
TX Dawson,100.80407,146.23438
TX Deaf Smith,158.76547,96.93204
TX Delta,0.0042917025,235.8329
TX Denton,98.892624,112.69282
TX Dewitt,94.524284,154.8567
TX Dickens,46.56906,200.56694
TX Dimmit,163.31781,87.27513
TX Donley,35.634823,205.47263
TX Duval,177.79955,78.79632
TX Eastland,5.9192705,235.47708
TX Ector,128.41583,119.81001
TX Edwards,76.75814,166.22777
TX Ellis,77.06885,150.22792
TX El Paso,219.05713,21.373411
TX Erath,33.09334,193.09398
TX Falls,75.02585,167.63606
TX Fannin,41.759434,197.39229
TX Fayette,45.784298,179.6355
TX Fisher,40.589813,195.02556
TX Floyd,116.915146,135.68918
TX Foard,0.61812073,235.85077
TX Fort Bend,151.50853,63.643047
TX Franklin,21.80733,206.06853
TX Freestone,25.150433,217.09023
TX Frio,159.5908,89.610565
TX Gaines,78.603355,150.79189
TX Galveston,115.35412,117.476326
TX Garza,101.11977,142.61748
TX Gillespie,38.98625,184.99074
TX Glasscock,45.963554,176.15494
TX Goliad,50.75386,175.1289
TX Gonzales,132.25223,120.506065
TX Gray,36.984684,207.6674
TX Grayson,35.036304,200.08485
TX Gregg,68.838936,176.02092
TX Grimes,93.05055,153.40279
TX Guadalupe,70.25241,145.6643
TX Hale,144.36902,110.60964
TX Hall,65.646034,187.05809
TX Hamilton,23.431322,223.05026
TX Hansford,114.717896,142.0191
TX Hardeman,27.533182,212.25461
TX Hardin,24.41266,207.60513
TX Harris,234.96364,21.337887
TX Harrison,69.78228,169.99426
TX Hartley,84.38886,153.13733
TX Haskell,50.397793,196.55583
TX Hays,120.96408,94.274445
TX Hemphill,52.964657,190.82385
TX Henderson,28.138222,216.05379
TX Hidalgo,232.4535,12.014785
TX Hill,39.990604,197.36478
TX Hockley,79.64105,159.18123
TX Hood,22.704874,205.12022
TX Hopkins,17.46319,212.59015
TX Houston,49.645473,197.46863
TX Howard,65.46529,172.81522
TX Hudspeth,138.51613,106.706
TX Hunt,55.646954,185.80046
TX Hutchinson,15.792167,224.52267
TX Irion,0.13307805,223.01828
TX Jack,7.6076727,227.54626
TX Jackson,67.56249,172.66895
TX Jasper,31.569302,208.99136
TX Jeff Davis,54.793365,163.55164
TX Jefferson,133.96329,116.943756
TX Jim Hogg,172.33565,79.13008
TX Jim Wells,146.90224,98.44895
TX Johnson,42.035385,189.49556
TX Jones,78.428215,166.53763
TX Karnes,117.75304,127.609406
TX Kaufman,60.272312,169.75261
TX Kendall,22.265823,189.90915
TX Kenedy,158.55667,105.38078
TX Kent,9.0141115,227.14862
TX Kerr,27.48013,206.31123
TX Kimble,11.472974,226.63947
TX King,4.0003514,239.60065
TX Kinney,83.143486,154.46584
TX Kleberg,150.26697,84.4196
TX Knox,80.69366,165.1543
TX Lamar,48.072544,196.34052
TX Lamb,114.313194,137.32095
TX Lampasas,19.823606,208.6533
TX Lasalle,181.21823,73.64913
TX Lavaca,74.4493,168.45653
TX Lee,65.63296,169.00247
TX Leon,18.87535,218.52998
TX Liberty,73.594055,178.37979
TX Limestone,57.389164,187.8308
TX Lipscomb,18.818056,210.98062
TX Live Oak,69.67121,168.03484
TX Llano,4.6047206,229.74628
TX Loving,28.303179,254.44492
TX Lubbock,103.94358,130.04482
TX Lynn,92.07268,153.1559
TX Madison,67.62036,173.379
TX Marion,110.23161,143.14241
TX Martin,83.96894,162.32748
TX Mason,68.763756,184.12172
TX Matagorda,75.57939,174.62105
TX Maverick,173.54205,65.19378
TX Mcculloch,33.078373,193.3512
TX Mclennan,92.179146,146.19113
TX Mcmullen,118.95517,138.86526
TX Medina,89.638725,142.7338
TX Menard,42.59136,199.95517
TX Midland,96.194855,136.41559
TX Milam,48.63288,190.92906
TX Mills,0.5463944,241.28145
TX Mitchell,42.9856,191.29153
TX Montague,14.87605,221.92143
TX Montgomery,95.392456,132.20631
TX Moore,179.83054,81.287704
TX Morris,26.123415,214.44466
TX Motley,21.302391,225.22223
TX Nacogdoches,104.545654,142.01842
TX Navarro,69.71792,173.69386
TX Newton,27.354704,214.5212
TX Nolan,48.699722,196.96715
TX Nueces,149.96411,85.440094
TX Ochiltree,93.27497,147.89232
TX Oldham,96.798,149.13737
TX Orange,31.192097,211.6959
TX Palo Pinto,34.854572,206.5002
TX Panola,88.691734,165.64958
TX Parker,18.042976,205.33534
TX Parmer,147.40411,100.093994
TX Pecos,121.92572,112.26967
TX Polk,43.079243,205.86139
TX Potter,147.742,113.836174
TX Presidio,175.77339,55.492462
TX Rains,9.149503,224.39928
TX Randall,37.924038,181.17357
TX Reagan,114.74869,136.14772
TX Real,73.019936,183.81781
TX Red River,68.30058,181.26932
TX Reeves,129.60423,102.6175
TX Refugio,97.479996,150.77666
TX Roberts,7.0872574,218.88507
TX Robertson,48.086174,186.74379
TX Rockwall,55.493423,159.65639
TX Runnels,22.733519,208.6904
TX Rusk,40.163048,198.08044
TX Sabine,24.259457,225.28984
TX San Augustine,82.972244,184.75685
TX San Jacinto,38.410347,202.27194
TX San Patricio,112.90842,128.90907
TX San Saba,44.89884,193.62476
TX Schleicher,84.73146,145.40977
TX Scurry,68.78837,172.56967
TX Shackelford,13.923166,217.6137
TX Shelby,107.46931,153.2363
TX Sherman,65.00932,169.62613
TX Smith,69.44318,167.3457
TX Somervell,37.116024,191.9157
TX Starr,238.43045,17.947168
TX Stephens,26.91231,214.08076
TX Sterling,26.073137,208.64772
TX Stonewall,18.32985,215.40404
TX Sutton,96.1244,142.88986
TX Swisher,79.02718,167.06737
TX Tarrant,154.35004,86.78416
TX Taylor,52.057816,178.29865
TX Terrell,59.356857,172.19548
TX Terry,104.09074,144.68163
TX Throckmorton,23.640814,220.40918
TX Titus,116.2751,129.574
TX Tom Green,77.004425,150.36037
TX Travis,187.91061,32.14568
TX Trinity,23.18273,230.13385
TX Tyler,24.80845,218.09695
TX Upshur,10.851551,221.95749
TX Upton,68.715324,166.4199
TX Uvalde,132.06091,111.85517
TX Val Verde,188.94319,53.630386
TX Van Zandt,14.044278,222.15324
TX Victoria,116.211235,124.27135
TX Walker,141.21399,110.95879
TX Waller,109.935974,120.31255
TX Ward,77.01539,161.37514
TX Washington,103.984535,138.46472
TX Webb,227.59496,13.5244
TX Wharton,112.40586,135.50221
TX Wheeler,34.065784,205.58884
TX Wichita,53.5656,186.74104
TX Wilbarger,38.69342,204.38327
TX Willacy,205.39005,44.80547
TX Williamson,99.442986,108.65512
TX Wilson,65.34528,156.02997
TX Winkler,79.95974,164.30296
TX Wise,26.868969,204.68118
TX Wood,17.926283,219.14522
TX Yoakum,101.42094,132.27087
TX Young,26.97454,213.48665
TX Zapata,198.26433,50.860096
TX Zavala,187.50462,65.0194
UT Beaver,19.931839,201.33817
UT Box Elder,20.733164,186.79443
UT Cache,61.822742,139.83115
UT Carbon,10.793311,213.72707
UT Daggett,1.9268003,217.42757
UT Davis,43.580154,156.20195
UT Duchesne,5.263177,207.84157
UT Emery,0.05642668,217.573
UT Garfield,31.022667,188.06895
UT Grand,56.120293,161.86586
UT Iron,29.961557,183.03197
UT Juab,23.613,188.88129
UT Kane,2.0422647,205.53142
UT Millard,14.985091,198.93721
UT Morgan,0.97874695,189.85223
UT Piute,2.643239e-6,224.20305
UT Rich,1.9098542,210.89836
UT Salt Lake,134.56079,80.971115
UT San Juan,175.13417,80.35313
UT Sanpete,35.775703,174.93445
UT Sevier,7.519966,211.63516
UT Summit,92.97156,107.66508
UT Tooele,40.55338,168.78612
UT Uintah,9.37961,204.33217
UT Utah,68.703026,132.59589
UT Wasatch,58.970303,137.46733
UT Washington,46.095814,164.16931
UT Wayne,0.040183,215.00653
UT Weber,63.483376,150.56683
VT Addison,58.068195,142.2297
VT Bennington,38.3596,176.87387
VT Caledonia,30.903091,177.0193
VT Chittenden,115.99159,87.25169
VT Essex,11.892123,201.35272
VT Franklin,53.102097,156.42174
VT Grand Isle,30.37651,173.9914
VT Lamoille,44.057373,159.07263
VT Orange,28.568172,178.62294
VT Orleans,21.791767,194.5445
VT Rutland,41.474316,174.48543
VT Washington,51.776203,151.20618
VT Windham,55.241333,157.45222
VT Windsor,38.424625,170.1374
VA Accomack,131.09045,120.09575
VA Albemarle,106.734024,99.56064
VA Alleghany,20.781809,207.03139
VA Amelia,39.364086,188.84387
VA Amherst,27.403246,194.31639
VA Appomattox,17.608255,209.70326
VA Arlington,215.59007,4.6722687e-7
VA Augusta,12.144841,203.78523
VA Bath,0.074576005,228.5066
VA Bedford,12.1043625,202.09552
VA Bland,0.0245701,233.37082
VA Botetourt,21.421238,191.16374
VA Brunswick,89.52768,153.58334
VA Buchanan,1.5483371,248.74342
VA Buckingham,121.00633,123.887276
VA Campbell,15.240516,208.13498
VA Caroline,68.76589,156.20305
VA Carroll,32.685436,202.39786
VA Charles City,112.5159,122.672516
VA Charlotte,24.92433,208.37468
VA Chesterfield,96.14298,119.80455
VA Clarke,28.454166,186.22261
VA Craig,0.009302912,219.82704
VA Culpeper,89.35194,139.09705
VA Cumberland,40.141277,187.8836
VA Dickenson,6.9578476,244.03311
VA Dinwiddie,55.80388,175.4227
VA Essex,56.835636,175.6153
VA Fairfax,216.07759,0.24808045
VA Fauquier,53.466816,158.21002
VA Floyd,16.265022,202.15211
VA Fluvanna,75.24577,137.47342
VA Franklin,15.227344,205.06148
VA Frederick,38.83352,175.14896
VA Giles,0.17231002,226.70982
VA Gloucester,14.958011,201.54868
VA Goochland,63.840435,150.78564
VA Grayson,25.843634,211.10313
VA Greene,38.40452,177.10144
VA Greensville,195.0123,79.75343
VA Halifax,34.289078,200.66942
VA Hanover,52.152607,157.96068
VA Henrico,146.48036,77.257324
VA Henry,41.320366,203.21265
VA Highland,0.044005625,224.19041
VA Isle Of Wight,70.54546,153.49634
VA James City,79.70437,132.66614
VA King & Queen,44.118668,179.46785
VA King George,61.271545,150.40178
VA King William,32.93145,185.2683
VA Lancaster,25.442442,204.6606
VA Lee,15.6264515,232.34097
VA Loudoun,158.82503,45.372524
VA Louisa,30.696886,188.68143
VA Lunenburg,48.434948,191.61804
VA Madison,38.759968,185.08469
VA Mathews,2.6058872,218.38509
VA Mecklenburg,121.772026,134.19106
VA Middlesex,21.425257,200.01309
VA Montgomery,82.20399,131.96805
VA Nelson,31.999403,194.6517
VA New Kent,27.314392,184.10023
VA Northampton,198.83478,73.31155
VA Northumberland,29.354668,192.58394
VA Nottoway,90.34447,162.76935
VA Orange,42.350883,180.56108
VA Page,98.17705,149.94228
VA Patrick,24.882612,219.38013
VA Pittsylvania,24.541239,208.63213
VA Powhatan,26.615217,183.04744
VA Prince Edward,108.35443,125.332436
VA Prince George,65.79764,157.7113
VA Prince William,184.38867,38.33853
VA Pulaski,10.207743,225.27986
VA Rappahannock,39.5446,178.33678
VA Richmond,137.70135,118.78114
VA Roanoke,37.866455,172.36403
VA Rockbridge,3.4088368,213.7468
VA Rockingham,45.562454,176.73587
VA Russell,2.7826881,234.71608
VA Scott,13.84064,226.51414
VA Shenandoah,82.282394,150.71808
VA Smyth,6.592562,232.82703
VA Southampton,100.40015,143.529
VA Spotsylvania,82.508446,136.06598
VA Stafford,99.87716,111.663605
VA Surry,91.586365,140.22339
VA Sussex,154.16708,106.338905
VA Tazewell,0.19906142,238.19188
VA Warren,40.96967,181.99803
VA Washington,19.625847,206.35765
VA Westmoreland,58.94869,172.31224
VA Wise,29.082901,222.89125
VA Wythe,14.193609,214.85599
VA York,54.427265,157.94801
VA Alexandria City,219.74077,2.1226982e-5
VA Bristol City,36.714405,213.03886
VA Buena Vista City,21.383041,199.36383
VA Charlottesville City,167.15724,52.320698
VA Chesapeake City,93.32251,128.77055
VA Colonial Heights City,134.57596,126.986534
VA Covington City,19.352362,230.11812
VA Danville City,113.85361,137.493
VA Emporia City,283.89667,20.331846
VA Fairfax City,156.1173,64.00486
VA Falls Church City,180.0329,45.12841
VA Franklin City,155.16151,97.29157
VA Fredericksburg City,154.31918,77.11982
VA Galax City,222.86803,88.758316
VA Hampton City,131.16026,107.68607
VA Harrisonburg City,189.87376,39.37663
VA Hopewell City,112.850365,146.07939
VA Lexington City,116.42008,106.12984
VA Lynchburg City,106.28722,125.72073
VA Manassas City,204.2508,29.033823
VA Manassas Park City,220.21825,6.4421277
VA Martinsville City,125.747025,139.37717
VA Newport News City,157.02391,79.5448
VA Norfolk City,186.7143,57.8273
VA Norton City,27.605934,217.01141
VA Petersburg City,195.10646,77.40121
VA Poquoson City,1.8126583,216.13309
VA Portsmouth City,161.5529,88.111046
VA Radford City,83.24067,147.72917
VA Richmond City,202.92346,42.945538
VA Roanoke City,125.5909,119.64077
VA Salem City,62.74413,162.4765
VA Staunton City,60.68567,168.94135
VA Suffolk City,122.16976,107.9371
VA Virginia Beach City,94.49036,123.63964
VA Waynesboro City,49.066345,179.60204
VA Williamsburg City,147.97285,71.91069
VA Winchester City,125.585266,110.96911
WA Adams,148.16885,91.21744
WA Asotin,30.606876,193.78014
WA Benton,107.422165,119.509384
WA Chelan,93.04433,129.51375
WA Clallam,37.434082,187.86415
WA Clark,79.41976,133.97101
WA Columbia,33.085495,195.44865
WA Cowlitz,43.2135,188.9085
WA Douglas,87.723976,141.77682
WA Ferry,39.8824,195.01497
WA Franklin,167.35025,71.68721
WA Garfield,9.671443,206.49709
WA Grant,116.32136,116.3739
WA Grays Harbor,42.8603,191.46349
WA Island,66.67067,140.30002
WA Jefferson,38.553085,175.32347
WA King,213.83176,6.6227965
WA Kitsap,71.787605,142.40096
WA Kittitas,72.35784,134.85974
WA Klickitat,67.1947,156.72086
WA Lewis,33.84536,195.82846
WA Lincoln,13.203224,207.57224
WA Mason,41.48868,188.89442
WA Okanogan,82.02068,152.75189
WA Pacific,32.823696,202.29202
WA Pend Oreille,32.120197,194.35037
WA Pierce,117.56355,104.64929
WA San Juan,55.58878,150.86742
WA Skagit,95.086044,127.01001
WA Skamania,32.80294,182.9802
WA Snohomish,132.39648,85.84174
WA Spokane,86.423744,134.7562
WA Stevens,20.678453,197.34273
WA Thurston,77.27375,136.29015
WA Wahkiakum,13.55824,213.80005
WA Walla Walla,85.540985,135.79335
WA Whatcom,108.39722,106.52979
WA Whitman,106.590485,100.930756
WA Yakima,193.35849,58.917618
WV Barbour,20.369389,211.20703
WV Berkeley,28.629063,202.66273
WV Boone,3.9819326,243.4803
WV Braxton,1.3814984e-5,229.62357
WV Brooke,1.9242836,227.28252
WV Cabell,28.29352,210.96074
WV Calhoun,1.1226107e-7,233.99722
WV Clay,9.65511,232.42587
WV Doddridge,1.6728891e-6,230.30597
WV Fayette,14.137593,233.22546
WV Gilmer,12.64846,218.59744
WV Grant,6.0384183,222.69542
WV Greenbrier,5.3967156,227.68259
WV Hampshire,9.932298,225.81297
WV Hancock,0.015990615,234.2122
WV Hardy,2.684835,229.20235
WV Harrison,5.5222044,224.71877
WV Jackson,63.908504,176.91852
WV Jefferson,38.048508,179.76218
WV Kanawha,46.121456,192.59877
WV Lewis,5.8609953,227.79126
WV Lincoln,5.3063126,238.02257
WV Logan,24.210825,237.48457
WV Marion,25.181236,234.7314
WV Marshall,0.9584127,230.25854
WV Mason,0.9644212,221.53159
WV McDowell,0.0071108458,242.15276
WV Mercer,17.853668,235.50919
WV Mineral,11.463525,222.87315
WV Mingo,22.186008,241.236
WV Monongalia,64.39654,153.02573
WV Monroe,1.6891644,230.7759
WV Morgan,0.00064149586,226.27994
WV Nicholas,2.2745786,236.31757
WV Ohio,28.901392,200.28207
WV Pendleton,12.812462,217.75572
WV Pleasants,0.34870556,232.21484
WV Pocahontas,11.738411,221.50052
WV Preston,11.999123,219.41643
WV Putnam,0.047407247,218.54851
WV Raleigh,7.199933,241.6384
WV Randolph,5.3498135,225.77101
WV Ritchie,6.1583427e-9,231.11787
WV Roane,5.881598,234.2725
WV Summers,0.0029971874,237.52223
WV Taylor,1.73353,226.24489
WV Tucker,1.0154005e-6,225.43805
WV Tyler,3.0927986e-8,225.97038
WV Upshur,0.0015762664,225.41444
WV Wayne,34.796658,210.41771
WV Webster,0.29181823,241.93042
WV Wetzel,1.8199826e-6,230.34506
WV Wirt,1.9295608e-7,232.9444
WV Wood,7.7662063,228.69391
WV Wyoming,6.0607824,248.17737
WI Adams,19.96038,205.3275
WI Ashland,15.474025,203.88246
WI Barron,10.216958,204.9228
WI Bayfield,26.157629,185.53572
WI Brown,78.93686,135.31055
WI Buffalo,25.880293,184.582
WI Burnett,7.1757255,208.43031
WI Calumet,15.024916,188.83607
WI Chippewa,8.212784,203.24106
WI Clark,47.18748,176.27971
WI Columbia,16.088097,195.2794
WI Crawford,4.9636135,212.91315
WI Dane,118.78999,88.13405
WI Dodge,23.989706,191.97911
WI Door,29.618467,177.46837
WI Douglas,15.78839,199.1585
WI Dunn,23.418669,186.4645
WI Eau Claire,41.26448,165.75217
WI Florence,6.7574085e-8,216.25122
WI Fond Du Lac,27.192722,184.20572
WI Forest,43.95373,186.2443
WI Grant,44.410892,165.52435
WI Green,14.412964,191.06107
WI Green Lake,1.2002894,215.32805
WI Iowa,9.264492,191.39618
WI Iron,48.955627,178.38371
WI Jackson,21.021046,200.27655
WI Jefferson,29.020443,179.49257
WI Juneau,15.178769,202.23038
WI Kenosha,95.30194,133.25296
WI Kewaunee,19.131985,186.8489
WI La Crosse,54.918392,153.7249
WI Lafayette,13.5873785,194.9552
WI Langlade,3.6413426,214.85013
WI Lincoln,0.11710185,211.83511
WI Manitowoc,14.0913925,193.05923
WI Marathon,24.158867,181.75815
WI Marinette,13.142102,204.20354
WI Marquette,17.585985,202.65053
WI Menominee,117.11478,130.1041
WI Milwaukee,189.34665,57.092625
WI Monroe,16.4875,203.98305
WI Oconto,1.8387823,204.36429
WI Oneida,0.19384949,209.448
WI Outagamie,32.010414,171.17818
WI Ozaukee,43.023026,159.5011
WI Pepin,0.76506406,210.12338
WI Pierce,21.489813,182.67755
WI Polk,4.7567716,204.1322
WI Portage,30.06962,173.10045
WI Price,0.04790216,216.33388
WI Racine,89.97285,139.49658
WI Richland,33.893753,179.37491
WI Rock,62.52609,159.06427
WI Rusk,4.0069647,213.84044
WI Sauk,30.513199,172.53485
WI Sawyer,15.425214,202.46051
WI Shawano,2.5075035,216.30322
WI Sheboygan,16.873161,192.09912
WI St. Croix,28.110573,180.19135
WI Taylor,2.238894,207.33722
WI Trempealeau,22.931526,191.87314
WI Vernon,3.829224,209.43222
WI Vilas,0.085187845,216.67735
WI Walworth,60.284912,156.1109
WI Washburn,0.0015225377,215.82997
WI Washington,25.117643,181.38245
WI Waukesha,52.364418,150.8343
WI Waupaca,27.095812,189.82956
WI Waushara,5.369935,210.23958
WI Winnebago,45.575645,165.0432
WI Wood,8.647897,202.58113
WY Albany,62.80684,136.20547
WY Big Horn,1.0404869,210.93141
WY Campbell,7.6842604,207.19626
WY Carbon,26.698303,196.6114
WY Converse,0.013590027,209.69704
WY Crook,1.1557861e-5,199.88141
WY Fremont,56.91059,172.42477
WY Goshen,1.6338991,208.31195
WY Hot Springs,0.065020874,217.79521
WY Johnson,26.94384,182.70671
WY Laramie,23.071333,187.68999
WY Lincoln,2.0687733,198.49873
WY Natrona,6.2417793,213.1071
WY Niobrara,0.0119836405,214.21744
WY Park,1.4219968,199.78212
WY Platte,0.13257933,207.59132
WY Sheridan,0.5011589,209.85744
WY Sublette,2.2287576,199.33531
WY Sweetwater,22.358238,193.40039
WY Teton,116.161804,89.23937
WY Uinta,23.031965,201.11458
WY Washakie,48.953194,171.36655
WY Weston,0.0006284048,212.31998
