FID,id,X,Y,OBJECTID,TNMID,HUC8,NAME,GLOBALID,gridcell,HUC8i
0,262544,-113.031250000000000,32.906250000000000,784.000000000000000,{6F5E8A35-61CB-4AD1-B99F-306D858EDBDA},15070202,Tenmile Wash,{7ADCEDAB-A091-453F-BA9B-74F818EA6F4A},180561,15070202
1,252942,-112.531250000000000,33.531250000000000,779.000000000000000,{A3B0E93C-D484-4FD2-BD86-18FB13FF24A9},15070101,Lower Gila-Painted Rock Reservoir,{1BD020D7-BC1C-4A71-B0A4-B4A7FB76A741},174474,15070101
2,166483,-110.593750000000000,39.156250000000000,1076.000000000000000,{FFDD0361-85E6-4DEC-BC3B-433D9C85B4B6},14060008,Lower Green,{BD03DF76-7E6E-4DDF-BD8C-5C87CE36194E},109908,14060008
3,222148,-115.156250000000000,35.531250000000000,906.000000000000000,{82F5A5F6-C791-4D30-A113-A3D463A95367},15030102,Piute Wash,{66D79203-EC84-4F87-A452-AE5297736B7A},152767,15030102
4,240500,-109.343750000000000,34.343750000000000,738.000000000000000,{71DC02F5-D29A-44DD-B537-82027DBB6AEF},15020001,Little Colorado Headwaters,{8DC55941-1DF1-4847-B0A7-46FC353948A9},166158,15020001
5,240472,-111.093750000000000,34.343750000000000,775.000000000000000,{CF795DB8-822B-4CA4-8D4F-4319336979AA},15060105,Tonto,{83029679-49C3-4CB0-80FA-9A1B23A85301},166130,15060105
6,173251,-108.031250000000000,38.718750000000000,1232.000000000000000,{1C6E13B8-EC5B-4155-B030-71226053A437},14020006,Uncompahgre,{BAA7696B-31B1-490A-8BEA-AF17E5A53097},115325,14020006
7,197249,-109.718750000000000,37.156250000000000,898.000000000000000,{BCFFA668-8A9C-47EE-BBA0-A982BDF57B9F},14080204,Chinle,{E7085953-7165-45BD-8070-C94FB7DD98C8},133893,14080204
8,203000,-110.656250000000000,36.781250000000000,752.000000000000000,{E0D05FB2-3A64-4F1C-AD4C-D81FE6BDFD00},15020018,Moenkopi Wash,{EE2E771C-8447-4D5A-A7D3-D45DB10E685B},138252,15020018
9,177085,-108.656250000000000,38.468750000000000,1234.000000000000000,{DA716EBF-BDBF-4D5F-96B0-28D8674E420D},14030003,San Miguel,{3F32843E-A922-4595-93FC-2E26AA154353},118369,14030003
10,191450,-111.781250000000000,37.531250000000000,901.000000000000000,{50D2624C-5AA1-4731-AC1F-14A1D6271ABA},14070006,Lower Lake Powell,{29EB635F-7753-4359-9A72-739223E5C194},129452,14070006
11,263521,-112.031250000000000,32.843750000000000,770.000000000000000,{99AA075F-0E4E-47DC-9F7C-1EC82DDC1F7D},15050306,Santa Rosa Wash,{A74AD686-DAA6-4C54-9B7A-5611E6DD91CA},181179,15050306
12,191403,-114.718750000000000,37.531250000000000,188.000000000000000,{EDE85591-D289-4602-9188-DE7EFDF7CB48},15010013,Meadow Valley Wash,{9FB8B67F-0C18-4757-9866-5D7D02222A76},129405,15010013
13,122300,-109.156250000000000,42.031250000000000,1465.000000000000000,{1AA717C6-ED15-45A9-9766-7007C0902A4B},14040105,Bitter,{56FAA652-7D4E-4294-8F29-DD2F6283C790},72917,14040105
14,234713,-110.656250000000000,34.718750000000000,744.000000000000000,{088F98F6-B391-406C-A224-C5FE96639ABE},15020010,Chevelon Canyon,{63856F05-CDB1-424A-A589-0592DD817A77},162021,15020010
15,251052,-110.531250000000000,33.656250000000000,761.000000000000000,{1FDED284-CC93-4733-82A5-A63EE72272BC},15040007,San Carlos,{D441BB7F-DF61-47FA-B23C-82CB204B6064},173266,15040007
16,153096,-106.406250000000000,40.031250000000000,1224.000000000000000,{F615361F-882D-4DF0-936C-E72D12109041},14010002,Blue,{C4E43483-56D9-4E3B-84ED-C552B019A644},98929,14010002
17,151143,-108.343750000000000,40.156250000000000,1237.000000000000000,{34283B3E-CC23-4B6D-8ECA-611BD82356FF},14050005,Upper White,{B0FA17F3-53F6-4641-8379-A8EA5181BB70},97294,14050005
18,264455,-113.718750000000000,32.781250000000000,785.000000000000000,{B6FDB9D0-C85F-4D4C-B587-35E5EBF224C7},15070203,San Cristobal Wash,{677CEE66-9FBA-40E2-8BB7-5589A05B91F0},181752,15070203
19,235649,-112.218750000000000,34.656250000000000,780.000000000000000,{6F590258-43AF-4D23-860D-420434617396},15070102,Aqua Fria,{7BBEB9CB-2024-43B8-9178-2BD1ED033D4B},162692,15070102
20,234653,-114.406250000000000,34.718750000000000,753.000000000000000,{197529A4-D93B-4D9C-9943-3B815DF873ED},15030103,Sacramento Wash,{3EA1B585-BE1E-49A4-95F2-2BF7DA7ADB2F},161961,15030103
21,233765,-109.843750000000000,34.781250000000000,739.000000000000000,{1680E028-AB9B-4235-83C1-F448188260B7},15020002,Upper Little Colorado,{F699E677-5802-4B54-BA13-AE171089EDE0},161328,15020002
22,249109,-111.843750000000000,33.781250000000000,776.000000000000000,{BAC2DEA1-E318-423B-8444-E4C9B421AC5E},15060106,Lower Salt,{E9EBB01A-3FDE-48E8-AC27-628C04D31775},171998,15060106
23,225123,-109.406250000000000,35.343750000000000,741.000000000000000,{A5EB5183-0974-4FE2-8E19-9567A7C18416},15020007,Lower Puerco,{3B10AB03-A03F-40C7-AFEB-15CD4D25AD20},154997,15020007
24,191478,-110.031250000000000,37.531250000000000,904.000000000000000,{E31EA49A-31DD-474B-BEEF-86486DDD9F1A},14080205,Lower San Juan,{BB2B5433-8EF7-4C20-947C-4230ACDA0CE0},129480,14080205
25,241374,-114.781250000000000,34.281250000000000,1106.000000000000000,{822120FA-0A87-4743-A2F5-38B0A1B8E6A1},15030104,Imperial Reservoir,{6E58DD09-DB3E-4EBD-A3A6-91305B7B6D63},166737,15030104
26,171310,-109.218750000000000,38.843750000000000,1251.000000000000000,{66E25712-723E-4BC8-8802-7FA041E39D34},14030004,Lower Dolores,{36F26463-F7DC-41B6-B2D0-35AD892F969B},113774,14030004
27,285650,-110.406250000000000,31.406250000000000,788.000000000000000,{21A6AE9C-8C85-4578-AE5A-368093D0E9E5},15050202,Upper San Pedro,{D260CF32-F451-43CF-B63B-37F56EEC9A02},193188,15050202
28,214561,-108.843750000000000,36.031250000000000,895.000000000000000,{632550B8-E9F8-45AF-AB7D-AF10E5BAA921},15020006,Upper Puerco,{146553E1-902E-4170-90E1-2C673F344BF7},147069,15020006
29,191443,-112.218750000000000,37.531250000000000,902.000000000000000,{EEAAE222-A384-4065-A138-39633E91FEA4},14070007,Paria,{123706D1-65CC-424F-91EA-81073B8AB5A3},129445,14070007
30,131925,-108.218750000000000,41.406250000000000,1352.000000000000000,{CA1A0B41-1B4B-4E92-87E0-D8057E20261E},14050003,Little Snake,{70C89B6D-F012-4279-8263-F9AE2AAAD852},81035,14050003
31,234723,-110.031250000000000,34.718750000000000,740.000000000000000,{F1BFA854-5B35-473C-A3B0-39ED87437935},15020005,Silver,{2EBDD8B8-6AF0-43BF-A17A-D0AD2B42F275},162031,15020005
32,130944,-109.468750000000000,41.468750000000000,1254.000000000000000,{BBBECEFA-D15B-4DD3-9C2C-C6081B507FE0},14040106,Upper Green-Flaming Gorge Reservoir,{9EFBE123-2ABB-437E-929B-440E8FD9A21C},80185,14040106
33,217427,-109.906250000000000,35.843750000000000,745.000000000000000,{CD1CD03C-0A49-439C-B46E-6FE4CFAD13CF},15020011,Cottonwood Wash,{2F696549-C772-4D4B-8A89-76E7D904321B},149215,15020011
34,156934,-106.781250000000000,39.781250000000000,1225.000000000000000,{C6129826-D1B1-4D84-96D1-9F37774219E6},14010003,Eagle,{9EC847D3-DEB8-4873-8B22-CD06A7EB3958},102115,14010003
35,234663,-113.781250000000000,34.718750000000000,756.000000000000000,{23578BFA-D745-41C9-8DB1-319A827ECE89},15030201,Big Sandy,{93FA7FC6-BFA1-4394-AAD1-17F39DB50EFD},161971,15030201
36,151142,-108.406250000000000,40.156250000000000,1337.000000000000000,{B8CB7E5B-A42F-4A78-89CA-39FEF7B1C6C5},14050006,Piceance-Yellow,{6DFFD6FB-08D8-4D78-B76B-55D539D4FEE6},97293,14050006
37,238527,-112.531250000000000,34.468750000000000,781.000000000000000,{C82CE9B7-1547-4C1B-815B-A3AAEE1D9A7A},15070103,Hassayampa,{7479B8BD-7996-4493-A137-4866D310BF8C},164759,15070103
38,234740,-108.968750000000000,34.718750000000000,174.000000000000000,{235091EF-6669-4A64-BA91-64627FEDEA28},15020003,Carrizo Wash,{9644B821-2D0F-4609-A1DB-7431F16EAF51},162048,15020003
39,214471,-114.468750000000000,36.031250000000000,737.000000000000000,{8E4D2453-7D10-443C-880A-04E52EB5C866},15010014,Detrital Wash,{1AF33FAF-A5A5-4483-8BA3-25B1E5FD8EF7},146979,15010014
40,191518,-107.531250000000000,37.531250000000000,181.000000000000000,{666364B6-D9DB-4C44-8CBD-3092083EFC8D},14080101,Upper San Juan,{E5B17F89-A124-49CB-B1C2-863454794EBB},129520,14080101
41,243324,-113.031250000000000,34.156250000000000,782.000000000000000,{19ED8359-9C74-4C3A-B1F7-3AB03F8B02FA},15070104,Centennial Wash,{4587241F-80B8-45A0-9F34-5F069F5222AF},168091,15070104
42,244266,-114.218750000000000,34.093750000000000,754.000000000000000,{24F6DF4D-18F6-445E-B45C-BC625AFDDBBB},15030105,Bouse Wash,{39220F17-E5EE-400D-88B2-6ED50CB8F5B8},168730,15030105
43,169381,-109.656250000000000,38.968750000000000,1071.000000000000000,{D2C341CF-A5A0-4DDD-B630-B104B4148832},14030005,Upper Colorado-Kane Springs,{8E5FABE1-F301-4AA8-BAE3-9F08947C2C7F},112228,14030005
44,261619,-110.781250000000000,32.968750000000000,764.000000000000000,{4E3A7D7C-10FD-4F35-9477-71CA8693FDD2},15050203,Lower San Pedro,{0A81416B-DACF-4926-AA2D-E14FD97D474E},179995,15050203
45,250132,-107.968750000000000,33.718750000000000,172.000000000000000,{DF068B26-5F2C-4A96-BBED-281DDCE5600B},15040001,Upper Gila,{79CE9C5E-17A2-46DD-A63A-2B9A9AC0A2BC},172685,15040001
46,203883,-115.531250000000000,36.718750000000000,189.000000000000000,{56D23A13-F35F-4F27-AFEE-38887AEACB93},15010015,Las Vegas Wash,{1E3BCCB3-040E-4DCE-9E36-F5776DE5AFFD},138906,15010015
47,218321,-114.093750000000000,35.781250000000000,735.000000000000000,{D194D876-BC01-476D-B408-58F1DFCF4567},15010007,Red Lake,{27ADA2FA-487F-4ED2-B3A6-186B49ABC674},149878,15010007
48,117471,-110.656250000000000,42.343750000000000,1261.000000000000000,{FC83B338-3ED6-4445-9562-C00881CE00F1},14040107,Blacks Fork,{B99F0D21-AD41-4631-93FA-661EC75B6272},68989,14040107
49,207814,-110.093750000000000,36.468750000000000,746.000000000000000,{86A4B262-022D-451E-9133-FB4180E76851},15020012,Corn-Oraibi,{388CB9E4-8455-49D3-9907-84E1CA0AFAD8},141927,15020012
50,253920,-111.468750000000000,33.468750000000000,762.000000000000000,{34547820-FEEF-4495-ABC1-E8C50DD42B96},15050100,Middle Gila,{6D013BB1-E3BE-4DA3-BF40-CFCD17E7A970},175108,15050100
51,160769,-107.343750000000000,39.531250000000000,1226.000000000000000,{D1D40A1C-8336-4991-8F70-5EADC7F6E1A1},14010004,Roaring Fork,{487795EB-9BAE-4771-9227-8159D2ACDF59},105276,14010004
52,234670,-113.343750000000000,34.718750000000000,757.000000000000000,{FB6B8E22-F849-4846-AB5B-417EF726EA4A},15030202,Burro,{570FA15F-AF13-4496-953B-0B51CF2A1B64},161978,15030202
53,168467,-106.718750000000000,39.031250000000000,1227.000000000000000,{9AEDE168-54E8-42B2-A580-F7EC70997690},14020001,East-Taylor,{BF815C57-2A44-40CF-B598-EBA338CF6FBC},111507,14020001
54,151125,-109.468750000000000,40.156250000000000,1252.000000000000000,{70F882DC-8312-49EB-9E97-905B37715B5F},14050007,Lower White,{F01CFD85-E130-4B5C-9913-CA736BEA0FA4},97276,14050007
55,151097,-111.218750000000000,40.156250000000000,1073.000000000000000,{50AE195D-9472-438F-827A-01E75D20C988},14060004,Strawberry,{0AD126A2-A6C4-44E9-9CE6-DAD24DD5BD5F},97248,14060004
56,191521,-107.343750000000000,37.531250000000000,1338.000000000000000,{7BCB5647-FF3F-4409-9396-1757975659B6},14080102,Piedra,{BCD1AF6C-BB78-4321-868B-E60462611005},129523,14080102
57,191465,-110.843750000000000,37.531250000000000,1079.000000000000000,{8CA31DF6-A275-42DC-A315-4D8307862DD8},14070001,Upper Lake Powell,{FFE90C10-7D95-44C9-960C-1A31B2D80506},129467,14070001
58,207766,-113.093750000000000,36.468750000000000,733.000000000000000,{1A0B0282-69CF-4304-A74B-ADA090EB54B4},15010002,Grand Canyon,{20CAF047-97AB-49E1-B2D3-03F7E6C97470},141879,15010002
59,233771,-109.468750000000000,34.781250000000000,175.000000000000000,{26DFDAF3-F10C-424A-8FF7-433F1B7FCE00},15020004,Zuni,{E606D6E7-1604-4177-9048-A005D43020B5},161334,15020004
60,248109,-114.281250000000000,33.843750000000000,755.000000000000000,{44628355-CCB0-4DC9-A372-B15C42CF1B22},15030106,Tyson Wash,{EB752A0A-BD16-4B1C-BEA6-14F7BDCE2564},171326,15030106
61,257808,-108.718750000000000,33.218750000000000,176.000000000000000,{89233D54-146D-4110-8DE8-516DD7B99C2E},15040002,Upper Gila-Mangas,{939CCC84-0931-4B34-853B-2BFF8E022644},177603,15040002
62,234679,-112.781250000000000,34.718750000000000,777.000000000000000,{A66D7770-F6C9-4C7E-A9B9-5AF6AF0F3906},15060201,Big Chino-Williamson Valley,{4E803F78-CCDA-45F2-8C55-52FF0A3CF688},161987,15060201
63,126121,-110.593750000000000,41.781250000000000,1477.000000000000000,{2F8B9222-0707-4E16-8A60-97A30501FBFA},14040108,Muddy,{2856465D-E0C6-4721-9657-A0925610E6A6},76088,14040108
64,209740,-109.843750000000000,36.343750000000000,747.000000000000000,{C1B50806-1D44-405F-BBEA-3CB124F60585},15020013,Polacca Wash,{62B4C353-50CF-4D7A-B80A-B79ADEBECD18},143399,15020013
65,156918,-107.781250000000000,39.781250000000000,1116.000000000000000,{BD95617E-E78D-42C6-B571-8E30B02E0151},14010005,Colorado Headwaters-Plateau,{070E33BB-098C-4666-8A77-3AE25C67B8C5},102099,14010005
66,234676,-112.968750000000000,34.718750000000000,758.000000000000000,{A979994B-BA1C-4F7D-BD40-4198D91CF706},15030203,Santa Maria,{6A359D01-2A8E-49D7-AB22-FD0489C308C1},161984,15030203
67,172298,-107.531250000000000,38.781250000000000,1228.000000000000000,{4EED71FB-EF76-4C19-AF12-20EB00933CC8},14020002,Upper Gunnison,{454093E1-ACB8-4117-AA58-951412864B22},114569,14020002
68,285639,-111.093750000000000,31.406250000000000,765.000000000000000,{EE94F429-A5EE-4583-8558-00435EF322A7},15050301,Upper Santa Cruz,{0D76FF07-6996-4095-A9BB-1EC142981681},193177,15050301
69,151116,-110.031250000000000,40.156250000000000,1074.000000000000000,{2F666FF1-F68C-4F95-94F0-6E3BFC12C38E},14060005,Lower Green-Desolation Canyon,{ABC21FC1-10C9-463B-BBB3-903B58E23159},97267,14060005
70,204007,-107.781250000000000,36.718750000000000,170.000000000000000,{11C8B379-9D51-4C73-9869-20F9D63552F3},14080103,Blanco Canyon,{F4E23076-8D49-4381-BDB0-E0C56D30BA8E},139030,14080103
71,167430,-111.468750000000000,39.093750000000000,1080.000000000000000,{F45A7F1F-5FBE-45D3-A538-09744E1E3F04},14070002,Muddy,{9649BB66-16F8-48F0-96AF-19E34C44CCE6},110665,14070002
72,199110,-113.531250000000000,37.031250000000000,736.000000000000000,{E9A87E72-3349-4269-8D4F-A7B980D4B298},15010009,Fort Pearce Wash,{2097693D-3853-49C9-9AA5-5ECC0F2B231B},135296,15010009
73,202949,-113.843750000000000,36.781250000000000,900.000000000000000,{DA8A0176-2A6C-41F5-AD95-FFDE023BF841},15010006,Grand Wash,{C59FDC80-EDE2-44E1-87EB-2E50981BA493},138201,15010006
74,191425,-113.343750000000000,37.531250000000000,1083.000000000000000,{A6FB7089-13AE-49D9-83D6-9F5ECFD6B1F3},15010008,Upper Virgin,{FBB91C73-897D-4C40-9F01-F3F515F5C3F9},129427,15010008
75,151122,-109.656250000000000,40.156250000000000,1078.000000000000000,{D627E4A4-C620-4316-A170-0D390CC2E979},14060010,Lower Green-Diamond,{433948DC-7A44-4B4F-A6F8-26B122162AE6},97273,14060010
76,191510,-108.031250000000000,37.531250000000000,182.000000000000000,{3F47C242-CFCE-440A-B7D5-F858EE82D51D},14080104,Animas,{BBFDC97F-1698-4A52-92BD-66700877BFBA},129512,14080104
77,267417,-108.781250000000000,32.593750000000000,177.000000000000000,{CE4F5BF3-905F-4C45-9D23-BA118949FD40},15040003,Animas Valley,{07E908AC-5BCE-454A-BCA7-9B3916D2C2E0},183576,15040003
78,234683,-112.531250000000000,34.718750000000000,778.000000000000000,{B84E4101-5C01-4FE3-82D1-D63EAB642A18},15060202,Upper Verde,{D1EC22ED-EAC1-4E22-90E4-4E36901C7136},161991,15060202
79,246266,-109.343750000000000,33.968750000000000,771.000000000000000,{70FAA9A0-71ED-486D-A963-D469E34637D0},15060101,Black,{A8FBBC15-63E8-4E56-8753-B4AB10753DAF},170114,15060101
80,150194,-107.593750000000000,40.218750000000000,1235.000000000000000,{E174065A-2AA4-49D1-B443-F550A60C869D},14050001,Upper Yampa,{B4C1F939-C96D-4016-8FCC-0CBD62EAE816},96502,14050001
81,133840,-108.656250000000000,41.281250000000000,1117.000000000000000,{A28FAF78-C815-46A0-B5AB-B2E552C4E870},14040109,Vermilion,{B52846F8-F355-430C-B58D-B78F725CD62E},82682,14040109
82,216465,-109.968750000000000,35.906250000000000,748.000000000000000,{0B10F4B7-AB8D-46C1-8343-18C4CF75FC25},15020014,Jadito Wash,{B629A117-EDCD-400A-96E3-4DF0929642B1},148494,15020014
83,202016,-112.093750000000000,36.843750000000000,732.000000000000000,{B0F45574-8471-4A73-95F2-582A22BD57D9},15010001,Lower Colorado-Marble Canyon,{B168C206-2635-45B8-AEF3-92533A4D3DA7},137497,15010001
84,234662,-113.843750000000000,34.718750000000000,759.000000000000000,{26F1863E-A5D1-4473-8FD1-3FFD00DCEFC1},15030204,Bill Williams,{69A3ACCF-4769-4702-9794-C1BFF44AD834},161970,15030204
85,151111,-110.343750000000000,40.156250000000000,1072.000000000000000,{C2B32449-53DB-4895-ACF4-4BDAA872EBA4},14060003,Duchesne,{4D6B843D-C651-4D4A-83DE-BF42B3D251EC},97262,14060003
86,174235,-106.593750000000000,38.656250000000000,1229.000000000000000,{5B13CFEA-A34B-4649-9B19-8E765B9F1FA6},14020003,Tomichi,{A5BD7ACF-0A09-4FCE-A815-84CDCAD7F66C},116114,14020003
87,270268,-110.781250000000000,32.406250000000000,766.000000000000000,{245E1BED-9BDD-401E-8361-9EC35F6E387E},15050302,Rillito,{E38170A7-EAE4-48F3-BA2B-F8FA3CF57086},185194,15050302
88,191481,-109.843750000000000,37.531250000000000,903.000000000000000,{C163FBED-AB06-4340-A278-B50B7705D53B},14080201,Lower San Juan-Four Corners,{B4E45BB9-668E-40D6-862C-8B92968C62E1},129483,14080201
89,233790,-108.281250000000000,34.781250000000000,0.000000000000000, , , , ,161353,999999999
90,111706,-110.593750000000000,42.718750000000000,1461.000000000000000,{EBE850BD-14C9-49D2-B8EA-15536845DE2B},14040101,Upper Green,{172CFC5B-F05B-4E55-8A62-2F3810F501E7},64332,14040101
91,153043,-109.718750000000000,40.031250000000000,1113.000000000000000,{72B2E281-FDED-40F2-B0BE-83DA313BF052},14060006,Willow,{6780F522-1DB5-4B28-82C9-E308FA39D9A6},98876,14060006
92,174154,-111.656250000000000,38.656250000000000,1081.000000000000000,{9AC8C545-0EE4-4785-98E2-DC5A7D7A0DC7},14070003,Fremont,{08362BEF-767B-4DBE-A84D-3999FDE69C0C},116033,14070003
93,191413,-114.093750000000000,37.531250000000000,219.000000000000000,{C5C66E0B-7255-435C-80B4-43F67085FBE2},15010010,Lower Virgin,{893393A1-1267-4BBC-AC42-DC8BA98E7DE2},129415,15010010
94,220319,-109.343750000000000,35.656250000000000,743.000000000000000,{AC3C6BC9-811A-445A-9F3D-54AA17CAEB33},15020009,Leroux Wash,{1535334A-B6D1-4919-BB72-E534C345D5E2},151410,15020009
95,193431,-108.093750000000000,37.406250000000000,178.000000000000000,{9CE10C90-4927-4081-A2DE-D75ACBD9AB0E},14080105,Middle San Juan,{5490C356-0FCE-4805-9984-E73C50794558},130982,14080105
96,245314,-108.781250000000000,34.031250000000000,896.000000000000000,{C0E1995D-1839-4D00-8985-8EB62BA2B736},15040004,San Francisco,{ACF8ABFC-53A0-418F-B3EA-EF5EF5985A7E},169473,15040004
97,234702,-111.343750000000000,34.718750000000000,1105.000000000000000,{7FA30917-AEDB-473B-9E55-84FF0403C413},15060203,Lower Verde,{E154FE66-DBD4-4CD9-BF2D-9DDC967B5339},162010,15060203
98,244336,-109.843750000000000,34.093750000000000,772.000000000000000,{C9169F33-9C9B-4630-B4C1-FF8CDC034C78},15060102,White,{A03C219A-0B87-4726-B853-AA1798F49C47},168800,15060102
99,150190,-107.843750000000000,40.218750000000000,1236.000000000000000,{86C5C83C-94D7-4D2A-8C7D-FAD6692393E9},14050002,Lower Yampa,{9707CD39-8CF1-4180-9510-21D93DEBE10B},96498,14050002
100,225088,-111.593750000000000,35.343750000000000,749.000000000000000,{1287200A-6306-45A7-B201-5301D068D954},15020015,Canyon Diablo,{B05CDA82-788A-4847-B06B-83C9F3397949},154962,15020015
101,205826,-114.218750000000000,36.593750000000000,899.000000000000000,{45A7DC18-B315-49AE-A43E-FD36159E7C24},15010005,Lake Mead,{5ED0DED0-869C-46D4-8D9F-791B113A3177},140393,15010005
102,165572,-107.468750000000000,39.218750000000000,1230.000000000000000,{1082A7C9-6E2A-419B-A6E7-31645852AA97},14020004,North Fork Gunnison,{A38DBD4D-222A-4050-839F-F3065D21D25B},109185,14020004
103,257753,-112.156250000000000,33.218750000000000,767.000000000000000,{376E8D8E-6398-4658-92E7-FCA9507DA75A},15050303,Lower Santa Cruz,{4A6DF4F0-C5DF-4B08-A603-E0AD4E05F047},177548,15050303
104,191496,-108.906250000000000,37.531250000000000,1348.000000000000000,{6D501CFE-4431-4914-AE14-C2EE513C1785},14080202,McElmo,{7F404FFE-2371-4738-B431-83D0CBA2B921},129498,14080202
105,209711,-111.656250000000000,36.343750000000000,750.000000000000000,{88FE847E-5113-4BD6-B0D7-01276C2C98F2},15020016,Lower Little Colorado,{4395809C-20FC-46F4-AAB6-C9E8F2FF7D93},143370,15020016
106,111717,-109.906250000000000,42.718750000000000,1462.000000000000000,{3D152E1E-A349-476C-AE6E-A7452723ADB3},14040102,New Fork,{10BAA680-BEE4-42D1-AA41-38F7930CE13E},64343,14040102
107,162658,-109.406250000000000,39.406250000000000,1347.000000000000000,{5D8BA4DC-15E8-42AA-8FB9-40E42A75FE00},14030001,Westwater Canyon,{C7E34C83-6220-46CB-807A-17A47607379C},106814,14030001
108,153022,-111.031250000000000,40.031250000000000,1075.000000000000000,{8939BF6B-D031-45D0-A283-D664DA0A1997},14060007,Price,{8C64E376-590C-4030-A412-8761369C7FC2},98855,14060007
109,176093,-110.593750000000000,38.531250000000000,1114.000000000000000,{25D2C6C4-6372-4DF7-88D5-0279E2E4D280},14070004,Dirty Devil,{AC24B014-3F5D-46AD-ACE6-A732F99BA7B3},117578,14070004
110,268336,-111.406250000000000,32.531250000000000,768.000000000000000,{54769F22-97B4-415B-BC91-102E24FA3768},15050304,Brawley Wash,{5F6FC5A0-0D64-479F-B82F-43572EE4F057},184092,15050304
111,191392,-115.406250000000000,37.531250000000000,187.000000000000000,{8E3220BA-1474-41B9-B9E6-E87CF175A1A0},15010011,White,{A87F2661-AA5A-47B1-AA38-CF6BCA115D83},129394,15010011
112,234703,-111.281250000000000,34.718750000000000,742.000000000000000,{FCA98776-0952-4802-A5FF-5AA004EC43E2},15020008,Middle Little Colorado,{5E15D476-D514-4314-B066-9ABDB5BAFE8A},162011,15020008
113,203993,-108.656250000000000,36.718750000000000,171.000000000000000,{D1677351-E56E-4D3E-83F2-6FCBC192BA92},14080106,Chaco,{AC5AE26D-51AE-4B94-BD10-642E9AB4CB61},139016,14080106
114,252989,-109.593750000000000,33.531250000000000,760.000000000000000,{561B28FF-B866-4BF0-A796-B0D3FF05CD8A},15040005,Upper Gila-San Carlos Reservoir,{8CA50C6C-4AE7-4973-B14F-E298446020ED},174521,15040005
115,241437,-110.843750000000000,34.281250000000000,773.000000000000000,{F9299866-F125-4555-9111-A79A3A7792B7},15060103,Upper Salt,{43556C44-F2C9-47E9-BAF3-DF225FFCFFE1},166800,15060103
116,192400,-112.468750000000000,37.468750000000000,905.000000000000000,{465950E6-588A-4AED-BDD9-1B244FBAA5BF},15010003,Kanab,{4CBA4DBE-2C6F-48B1-B46B-F952E8F7CA59},130176,15010003
117,253889,-113.406250000000000,33.468750000000000,783.000000000000000,{560D9857-464D-4283-9447-81C9274D2856},15070201,Lower Gila,{A4CDF3C4-86C3-4881-9D2A-E53D0939A0C2},175077,15070201
118,234647,-114.781250000000000,34.718750000000000,1171.000000000000000,{3A53854A-4772-47B5-8EE0-76B6F72D2481},15030101,Havasu-Mohave Lakes,{5F333AF3-42AB-4821-AE6F-B2B9C5D0CF8A},161955,15030101
119,241440,-110.656250000000000,34.281250000000000,774.000000000000000,{73F5075E-3D0D-4D16-AF5E-FE7D507697A9},15060104,Carrizo,{CEF3E81E-1B62-4E95-801D-6F8E51E64B2D},166803,15060104
120,168437,-108.593750000000000,39.031250000000000,1231.000000000000000,{E2E7179D-6D0F-4ACF-834E-5D4374049550},14020005,Lower Gunnison,{427F9697-4D3C-428F-9B8B-BD24BA5FE808},111477,14020005
121,191489,-109.343750000000000,37.531250000000000,1253.000000000000000,{5817CBE4-E8EE-4B31-82D2-F5CCFA2D9165},14080203,Montezuma,{C835A38D-5C7D-4F03-A589-139B9910F17E},129491,14080203
122,207812,-110.218750000000000,36.468750000000000,751.000000000000000,{5D23221D-C617-42F3-81DB-99482956B1CA},15020017,Dinnebito Wash,{EF904DCB-B568-4651-8CCE-858EFF0F22E9},141925,15020017
123,116524,-109.781250000000000,42.406250000000000,1463.000000000000000,{41BF3077-2B9A-4F86-A3FD-B23B88715E45},14040103,Upper Green-Slate,{F29664DD-E1AB-4AE5-91B9-E6BB16CECD83},68227,14040103
124,191501,-108.593750000000000,37.531250000000000,1233.000000000000000,{4715E85E-95AB-43D1-B2BE-D913416DC714},14030002,Upper Dolores,{1482157C-5A6D-471A-A501-41D6D0F89DBE},129503,14030002
125,191452,-111.656250000000000,37.531250000000000,1082.000000000000000,{238A813D-829F-47AA-BEB2-47F4FED6C146},14070005,Escalante,{71C6FD28-C4DF-49E7-A851-83CB29B736A6},129454,14070005
126,267367,-111.906250000000000,32.593750000000000,769.000000000000000,{0CC26354-21C4-47B3-AC2E-9D48DD401EBC},15050305,Aguirre Valley,{AFB6CBD1-76DD-4E1A-83B7-A2EDFC5F3331},183526,15050305
127,193326,-114.656250000000000,37.406250000000000,1093.000000000000000,{60B4E385-B522-4B9C-B928-1E17904A8A35},15010012,Muddy,{AB448609-BBFA-464C-9777-A4A3501B63E3},130877,15010012
128,111728,-109.218750000000000,42.718750000000000,1464.000000000000000,{771FEFD0-68A9-4F2A-A209-4B63FF5316FC},14040104,Big Sandy,{4769FA6E-5132-4CDA-95ED-16606CD758E6},64354,14040104
129,158784,-111.281250000000000,39.656250000000000,1077.000000000000000,{D1D2E616-0FAB-4D53-A567-BDB1B2DA979C},14060009,San Rafael,{0380DF86-8F72-463A-85AD-4A159EFEB750},103631,14060009
130,192468,-108.218750000000000,37.468750000000000,1346.000000000000000,{75740F8C-AFFA-40B5-908E-4911BCB38D0B},14080107,Mancos,{FF7F12D5-ED76-4CD7-B3DD-872E57C7C337},130244,14080107
131,264521,-109.593750000000000,32.781250000000000,897.000000000000000,{57353EE7-534E-4E44-AA9A-23AB527C6E94},15040006,San Simon,{5234FC40-C430-4D50-AA53-1C5366180669},181818,15040006
132,150210,-106.593750000000000,40.218750000000000,1223.000000000000000,{4E59FEE3-2292-4633-80D2-6AF20D79DE13},14010001,Colorado Headwaters,{83298813-D00E-4065-8695-B5D8E7ED6C61},96518,14010001
133,210655,-112.718750000000000,36.281250000000000,734.000000000000000,{D51204E6-484B-4DBD-8BEA-202CDC301383},15010004,Havasu Canyon,{B0B1CE74-2BCF-4A19-B138-789B14077B70},144090,15010004
134,129044,-108.093750000000000,41.593750000000000,1467.000000000000000,{4D9FE835-18FC-4066-B6D1-6C516E273617},14050004,Muddy,{1F6D9E67-59B6-49E6-BA44-F28386B0466B},78572,14050004